SERVICE_TYPE,USAGE_DATE,CREDITS_USED_COMPUTE,CREDITS_USED_CLOUD_SERVICES,CREDITS_USED,CREDITS_ADJUSTMENT_CLOUD_SERVICES,CREDITS_BILLED
WAREHOUSE_METERING,2025-09-01,56.982777735,1.925470899,58.908248634,-1.9254708990,56.9827777350
WAREHOUSE_METERING,2025-09-02,91.209444377,3.037184332,94.246628709,-3.0371843320,91.2094443770
WAREHOUSE_METERING,2025-09-03,101.079722170,3.238668889,104.318391059,-3.2386688890,101.0797221700
WAREHOUSE_METERING,2025-09-04,97.195833262,2.300545654,99.496378916,-2.3005456540,97.1958332620
WAREHOUSE_METERING,2025-09-05,76.153333270,2.107628628,78.260961898,-2.1076286280,76.1533332700
WAREHOUSE_METERING,2025-09-06,71.136666607,1.971937530,73.108604137,-1.9719375300,71.1366666070
WAREHOUSE_METERING,2025-09-07,85.857777710,2.081839406,87.939617116,-2.0818394060,85.8577777100
WAREHOUSE_METERING,2025-09-08,105.416944363,2.308284412,107.725228775,-2.3082844120,105.4169443630
WAREHOUSE_METERING,2025-09-09,101.418333268,2.421979142,103.840312410,-2.4219791420,101.4183332680
WAREHOUSE_METERING,2025-09-10,100.803888824,2.400983485,103.204872309,-2.4009834850,100.8038888240
WAREHOUSE_METERING,2025-09-11,101.122499917,2.173503456,103.296003373,-2.1735034560,101.1224999170
WAREHOUSE_METERING,2025-09-12,87.022222158,2.019735557,89.041957715,-2.0197355570,87.0222221580
WAREHOUSE_METERING,2025-09-13,73.572222177,1.971592650,75.543814827,-1.9715926500,73.5722221770
WAREHOUSE_METERING,2025-09-14,69.374166616,2.089096963,71.463263579,-2.0890969630,69.3741666160
WAREHOUSE_METERING,2025-09-15,88.006666600,2.313065564,90.319732164,-2.3130655640,88.0066666000
WAREHOUSE_METERING,2025-09-16,85.464444376,2.319546413,87.783990789,-2.3195464130,85.4644443760
WAREHOUSE_METERING,2025-09-17,92.576388825,2.275967462,94.852356287,-2.2759674620,92.5763888250
WAREHOUSE_METERING,2025-09-18,94.850833267,2.395998329,97.246831596,-2.3959983290,94.8508332670
WAREHOUSE_METERING,2025-09-19,88.137499926,2.162214967,90.299714893,-2.1622149670,88.1374999260
WAREHOUSE_METERING,2025-09-20,82.241666603,1.948548438,84.190215041,-1.9485484380,82.2416666030
WAREHOUSE_METERING,2025-09-21,85.332777720,2.106167392,87.438945112,-2.1061673920,85.3327777200
WAREHOUSE_METERING,2025-09-22,88.546388830,2.180548975,90.726937805,-2.1805489750,88.5463888300
WAREHOUSE_METERING,2025-09-23,91.452499932,2.226876103,93.679376035,-2.2268761030,91.4524999320
WAREHOUSE_METERING,2025-09-24,89.134166595,2.474644818,91.608811413,-2.4746448180,89.1341665950
TRUST_CENTER,2025-09-25,0.109816138,0.000000000,0.109816138,0.0000000000,0.1098161380
WAREHOUSE_METERING,2025-09-25,94.956111039,2.207667801,97.163778840,-2.2076678010,94.9561110390
TRUST_CENTER,2025-09-26,0.057296137,0.000000000,0.057296137,0.0000000000,0.0572961370
WAREHOUSE_METERING,2025-09-26,94.999444385,2.239384720,97.238829105,-2.2393847200,94.9994443850
TRUST_CENTER,2025-09-27,0.075540949,0.000000000,0.075540949,0.0000000000,0.0755409490
WAREHOUSE_METERING,2025-09-27,84.159166606,2.024045617,86.183212223,-2.0240456170,84.1591666060
TRUST_CENTER,2025-09-28,0.075651113,0.000000000,0.075651113,0.0000000000,0.0756511130
WAREHOUSE_METERING,2025-09-28,84.685555493,2.060569599,86.746125092,-2.0605695990,84.6855554930
TRUST_CENTER,2025-09-29,0.075489296,0.000000000,0.075489296,0.0000000000,0.0754892960
WAREHOUSE_METERING,2025-09-29,96.439166604,2.367902131,98.807068735,-2.3679021310,96.4391666040
TRUST_CENTER,2025-09-30,0.070490537,0.000000000,0.070490537,0.0000000000,0.0704905370
WAREHOUSE_METERING,2025-09-30,86.965555494,2.509936168,89.475491662,-2.5099361680,86.9655554940
TRUST_CENTER,2025-10-01,0.072740448,0.000000000,0.072740448,0.0000000000,0.0727404480
WAREHOUSE_METERING,2025-10-01,88.318333275,2.414684499,90.733017774,-2.4146844990,88.3183332750
TRUST_CENTER,2025-10-02,0.060844352,0.000000000,0.060844352,0.0000000000,0.0608443520
WAREHOUSE_METERING,2025-10-02,80.208888825,2.139102348,82.347991173,-2.1391023480,80.2088888250
TRUST_CENTER,2025-10-03,0.064487122,0.000000000,0.064487122,0.0000000000,0.0644871220
WAREHOUSE_METERING,2025-10-03,68.291666612,2.125863200,70.417529812,-2.1258632000,68.2916666120
TRUST_CENTER,2025-10-04,0.057949130,0.000000000,0.057949130,0.0000000000,0.0579491300
WAREHOUSE_METERING,2025-10-04,71.231388830,2.052689227,73.284078057,-2.0526892270,71.2313888300
TRUST_CENTER,2025-10-05,0.061814467,0.000000000,0.061814467,0.0000000000,0.0618144670
WAREHOUSE_METERING,2025-10-05,59.483333291,2.185709517,61.669042808,-2.1857095170,59.4833332910
TRUST_CENTER,2025-10-06,0.057188015,0.000000000,0.057188015,0.0000000000,0.0571880150
WAREHOUSE_METERING,2025-10-06,62.513333283,2.106150617,64.619483900,-2.1061506170,62.5133332830
TRUST_CENTER,2025-10-07,0.069533133,0.000000000,0.069533133,0.0000000000,0.0695331330
WAREHOUSE_METERING,2025-10-07,76.332222160,2.272865215,78.605087375,-2.2728652150,76.3322221600
TRUST_CENTER,2025-10-08,0.072065865,0.000000000,0.072065865,0.0000000000,0.0720658650
WAREHOUSE_METERING,2025-10-08,78.597499947,2.084004569,80.681504516,-2.0840045690,78.5974999470
TRUST_CENTER,2025-10-09,0.061583954,0.000000000,0.061583954,0.0000000000,0.0615839540
WAREHOUSE_METERING,2025-10-09,80.428888819,2.335269956,82.764158775,-2.3352699560,80.4288888190
TRUST_CENTER,2025-10-10,0.077868022,0.000000000,0.077868022,0.0000000000,0.0778680220
WAREHOUSE_METERING,2025-10-10,88.652222163,2.312163099,90.964385262,-2.3121630990,88.6522221630
TRUST_CENTER,2025-10-11,0.072111836,0.000000000,0.072111836,0.0000000000,0.0721118360
WAREHOUSE_METERING,2025-10-11,74.950277720,2.179799488,77.130077208,-2.1797994880,74.9502777200
TRUST_CENTER,2025-10-12,0.063807234,0.000000000,0.063807234,0.0000000000,0.0638072340
WAREHOUSE_METERING,2025-10-12,64.113888838,2.272580169,66.386469007,-2.2725801690,64.1138888380
TRUST_CENTER,2025-10-13,0.068315207,0.000000000,0.068315207,0.0000000000,0.0683152070
WAREHOUSE_METERING,2025-10-13,104.795555481,2.777121696,107.572677177,-2.7771216960,104.7955554810
TRUST_CENTER,2025-10-14,0.066692117,0.000000000,0.066692117,0.0000000000,0.0666921170
WAREHOUSE_METERING,2025-10-14,83.604999937,2.659930425,86.264930362,-2.6599304250,83.6049999370
TRUST_CENTER,2025-10-15,0.069800858,0.000000000,0.069800858,0.0000000000,0.0698008580
WAREHOUSE_METERING,2025-10-15,86.847222179,2.642113371,89.489335550,-2.6421133710,86.8472221790
TRUST_CENTER,2025-10-16,0.075211715,0.000000000,0.075211715,0.0000000000,0.0752117150
WAREHOUSE_METERING,2025-10-16,93.293611047,2.488701188,95.782312235,-2.4887011880,93.2936110470
TRUST_CENTER,2025-10-17,0.077078649,0.000000000,0.077078649,0.0000000000,0.0770786490
WAREHOUSE_METERING,2025-10-17,98.239722166,2.510687381,100.750409547,-2.5106873810,98.2397221660
TRUST_CENTER,2025-10-18,0.081293675,0.000000000,0.081293675,0.0000000000,0.0812936750
WAREHOUSE_METERING,2025-10-18,78.351388867,2.017630832,80.369019699,-2.0176308320,78.3513888670
TRUST_CENTER,2025-10-19,0.078086171,0.000000000,0.078086171,0.0000000000,0.0780861710
WAREHOUSE_METERING,2025-10-19,79.130833301,2.086095750,81.216929051,-2.0860957500,79.1308333010
TRUST_CENTER,2025-10-20,0.060059647,0.000000000,0.060059647,0.0000000000,0.0600596470
WAREHOUSE_METERING,2025-10-20,97.453055479,2.819835923,100.272891402,-2.8198359230,97.4530554790
TRUST_CENTER,2025-10-21,0.092285419,0.000000000,0.092285419,0.0000000000,0.0922854190
WAREHOUSE_METERING,2025-10-21,102.032222155,3.047343230,105.079565385,-3.0473432300,102.0322221550
TRUST_CENTER,2025-10-22,0.068533938,0.000000000,0.068533938,0.0000000000,0.0685339380
WAREHOUSE_METERING,2025-10-22,91.016666611,2.927944135,93.944610746,-2.9279441350,91.0166666110
TRUST_CENTER,2025-10-23,0.060367575,0.000000000,0.060367575,0.0000000000,0.0603675750
WAREHOUSE_METERING,2025-10-23,79.414722187,2.634862075,82.049584262,-2.6348620750,79.4147221870
TRUST_CENTER,2025-10-24,0.075743281,0.000000000,0.075743281,0.0000000000,0.0757432810
WAREHOUSE_METERING,2025-10-24,71.873055529,2.395860644,74.268916173,-2.3958606440,71.8730555290
TRUST_CENTER,2025-10-25,0.072632616,0.000000000,0.072632616,0.0000000000,0.0726326160
WAREHOUSE_METERING,2025-10-25,57.318888872,2.113966256,59.432855128,-2.1139662560,57.3188888720
TRUST_CENTER,2025-10-26,0.070232414,0.000000000,0.070232414,0.0000000000,0.0702324140
WAREHOUSE_METERING,2025-10-26,58.631111101,2.384562397,61.015673498,-2.3845623970,58.6311111010
TRUST_CENTER,2025-10-27,0.125054015,0.000000000,0.125054015,0.0000000000,0.1250540150
WAREHOUSE_METERING,2025-10-27,79.814722162,3.866214292,83.680936454,-3.8662142920,79.8147221620
TRUST_CENTER,2025-10-28,0.085560629,0.000000000,0.085560629,0.0000000000,0.0855606290
WAREHOUSE_METERING,2025-10-28,78.823888839,2.853428588,81.677317427,-2.8534285880,78.8238888390
TRUST_CENTER,2025-10-29,0.080194525,0.000000000,0.080194525,0.0000000000,0.0801945250
WAREHOUSE_METERING,2025-10-29,79.542499948,2.628733916,82.171233864,-2.6287339160,79.5424999480
TRUST_CENTER,2025-10-30,0.086673174,0.000000000,0.086673174,0.0000000000,0.0866731740
WAREHOUSE_METERING,2025-10-30,76.025277744,2.703340246,78.728617990,-2.7033402460,76.0252777440
TRUST_CENTER,2025-10-31,0.071441433,0.000000000,0.071441433,0.0000000000,0.0714414330
WAREHOUSE_METERING,2025-10-31,71.520833299,2.411343905,73.932177204,-2.4113439050,71.5208332990
TRUST_CENTER,2025-11-01,0.079712476,0.000000000,0.079712476,0.0000000000,0.0797124760
WAREHOUSE_METERING,2025-11-01,59.867222202,2.205248720,62.072470922,-2.2052487200,59.8672222020
TRUST_CENTER,2025-11-02,0.069096620,0.000000000,0.069096620,0.0000000000,0.0690966200
WAREHOUSE_METERING,2025-11-02,57.708611100,2.283195736,59.991806836,-2.2831957360,57.7086111000
TRUST_CENTER,2025-11-03,0.069527474,0.000000000,0.069527474,0.0000000000,0.0695274740
WAREHOUSE_METERING,2025-11-03,78.107222184,2.661017054,80.768239238,-2.6610170540,78.1072221840
TRUST_CENTER,2025-11-04,0.077149029,0.000000000,0.077149029,0.0000000000,0.0771490290
WAREHOUSE_METERING,2025-11-04,79.710277737,2.668370035,82.378647772,-2.6683700350,79.7102777370
TRUST_CENTER,2025-11-05,0.088045173,0.000000000,0.088045173,0.0000000000,0.0880451730
WAREHOUSE_METERING,2025-11-05,77.924166622,2.556837059,80.481003681,-2.5568370590,77.9241666220
TRUST_CENTER,2025-11-06,0.086205051,0.000000000,0.086205051,0.0000000000,0.0862050510
WAREHOUSE_METERING,2025-11-06,77.809722170,2.608012749,80.417734919,-2.6080127490,77.8097221700
TRUST_CENTER,2025-11-07,0.085598828,0.000000000,0.085598828,0.0000000000,0.0855988280
WAREHOUSE_METERING,2025-11-07,84.310833266,2.666492167,86.977325433,-2.6664921670,84.3108332660
TRUST_CENTER,2025-11-08,0.081856429,0.000000000,0.081856429,0.0000000000,0.0818564290
WAREHOUSE_METERING,2025-11-08,75.591111071,2.411876717,78.002987788,-2.4118767170,75.5911110710
TRUST_CENTER,2025-11-09,0.091227105,0.000000000,0.091227105,0.0000000000,0.0912271050
WAREHOUSE_METERING,2025-11-09,75.152222173,2.552460930,77.704683103,-2.5524609300,75.1522221730
TRUST_CENTER,2025-11-10,0.084472394,0.000000000,0.084472394,0.0000000000,0.0844723940
WAREHOUSE_METERING,2025-11-10,103.949166596,2.954023989,106.903190585,-2.9540239890,103.9491665960
TRUST_CENTER,2025-11-11,0.075187154,0.000000000,0.075187154,0.0000000000,0.0751871540
WAREHOUSE_METERING,2025-11-11,98.140833283,2.993812591,101.134645874,-2.9938125910,98.1408332830
TRUST_CENTER,2025-11-12,0.076244519,0.000000000,0.076244519,0.0000000000,0.0762445190
WAREHOUSE_METERING,2025-11-12,77.197777727,2.979703832,80.177481559,-2.9797038320,77.1977777270
TRUST_CENTER,2025-11-13,0.079987200,0.000000000,0.079987200,0.0000000000,0.0799872000
WAREHOUSE_METERING,2025-11-13,84.332499954,2.820371470,87.152871424,-2.8203714700,84.3324999540
TRUST_CENTER,2025-11-14,0.067803951,0.000000000,0.067803951,0.0000000000,0.0678039510
WAREHOUSE_METERING,2025-11-14,71.425833286,1.340981697,72.766814983,-1.3409816970,71.4258332860
TRUST_CENTER,2025-11-15,0.076481566,0.000000000,0.076481566,0.0000000000,0.0764815660
WAREHOUSE_METERING,2025-11-15,67.888333289,1.966731589,69.855064878,-1.9667315890,67.8883332890
TRUST_CENTER,2025-11-16,0.072742600,0.000000000,0.072742600,0.0000000000,0.0727426000
WAREHOUSE_METERING,2025-11-16,74.160277730,4.583001265,78.743278995,-4.5830012650,74.1602777300
TRUST_CENTER,2025-11-17,0.083619335,0.000000000,0.083619335,0.0000000000,0.0836193350
WAREHOUSE_METERING,2025-11-17,88.913333279,4.036755428,92.950088707,-4.0367554280,88.9133332790
TRUST_CENTER,2025-11-18,0.084497400,0.000000000,0.084497400,0.0000000000,0.0844974000
WAREHOUSE_METERING,2025-11-18,83.473888832,2.785939226,86.259828058,-2.7859392260,83.4738888320
TRUST_CENTER,2025-11-19,0.083212472,0.000000000,0.083212472,0.0000000000,0.0832124720
WAREHOUSE_METERING,2025-11-19,96.638333276,2.996119878,99.634453154,-2.9961198780,96.6383332760
TRUST_CENTER,2025-11-20,0.082003359,0.000000000,0.082003359,0.0000000000,0.0820033590
WAREHOUSE_METERING,2025-11-20,83.066944384,2.815659305,85.882603689,-2.8156593050,83.0669443840
TRUST_CENTER,2025-11-21,0.080117861,0.000000000,0.080117861,0.0000000000,0.0801178610
WAREHOUSE_METERING,2025-11-21,75.668888847,2.870919185,78.539808032,-2.8709191850,75.6688888470
TRUST_CENTER,2025-11-22,0.085522744,0.000000000,0.085522744,0.0000000000,0.0855227440
WAREHOUSE_METERING,2025-11-22,59.633333292,2.155238147,61.788571439,-2.1552381470,59.6333332920
TRUST_CENTER,2025-11-23,0.080012371,0.000000000,0.080012371,0.0000000000,0.0800123710
WAREHOUSE_METERING,2025-11-23,61.447499956,2.466208548,63.913708504,-2.4662085480,61.4474999560
TRUST_CENTER,2025-11-24,0.068243237,0.000000000,0.068243237,0.0000000000,0.0682432370
WAREHOUSE_METERING,2025-11-24,75.091944398,2.817328208,77.909272606,-2.8173282080,75.0919443980
TRUST_CENTER,2025-11-25,0.075564562,0.000000000,0.075564562,0.0000000000,0.0755645620
WAREHOUSE_METERING,2025-11-25,79.515555507,2.915927300,82.431482807,-2.9159273000,79.5155555070
TRUST_CENTER,2025-11-26,0.080296705,0.000000000,0.080296705,0.0000000000,0.0802967050
WAREHOUSE_METERING,2025-11-26,79.998055500,2.621680846,82.619736346,-2.6216808460,79.9980555000
TRUST_CENTER,2025-11-27,0.081748237,0.000000000,0.081748237,0.0000000000,0.0817482370
WAREHOUSE_METERING,2025-11-27,85.711388835,2.848673310,88.560062145,-2.8486733100,85.7113888350
TRUST_CENTER,2025-11-28,0.075627868,0.000000000,0.075627868,0.0000000000,0.0756278680
WAREHOUSE_METERING,2025-11-28,75.574166614,2.566981469,78.141148083,-2.5669814690,75.5741666140
TRUST_CENTER,2025-11-29,0.083870347,0.000000000,0.083870347,0.0000000000,0.0838703470
WAREHOUSE_METERING,2025-11-29,65.091666614,2.325202918,67.416869532,-2.3252029180,65.0916666140
TRUST_CENTER,2025-11-30,0.083049648,0.000000000,0.083049648,0.0000000000,0.0830496480
WAREHOUSE_METERING,2025-11-30,67.852222184,2.432078343,70.284300527,-2.4320783430,67.8522221840
TRUST_CENTER,2025-12-01,0.072786622,0.000000000,0.072786622,0.0000000000,0.0727866220
WAREHOUSE_METERING,2025-12-01,90.993611054,2.956836342,93.950447396,-2.9568363420,90.9936110540
TRUST_CENTER,2025-12-02,0.082954262,0.000000000,0.082954262,0.0000000000,0.0829542620
WAREHOUSE_METERING,2025-12-02,81.116666625,2.731939725,83.848606350,-2.7319397250,81.1166666250
TRUST_CENTER,2025-12-03,0.074823219,0.000000000,0.074823219,0.0000000000,0.0748232190
WAREHOUSE_METERING,2025-12-03,76.419166616,2.863939749,79.283106365,-2.8639397490,76.4191666160
TRUST_CENTER,2025-12-04,0.074690360,0.000000000,0.074690360,0.0000000000,0.0746903600
WAREHOUSE_METERING,2025-12-04,77.681944393,2.769709946,80.451654339,-2.7697099460,77.6819443930
TRUST_CENTER,2025-12-05,0.068414958,0.000000000,0.068414958,0.0000000000,0.0684149580
WAREHOUSE_METERING,2025-12-05,68.484444390,2.415416531,70.899860921,-2.4154165310,68.4844443900
TRUST_CENTER,2025-12-06,0.083644560,0.000000000,0.083644560,0.0000000000,0.0836445600
WAREHOUSE_METERING,2025-12-06,62.828611071,2.361736769,65.190347840,-2.3617367690,62.8286110710
TRUST_CENTER,2025-12-07,0.073066001,0.000000000,0.073066001,0.0000000000,0.0730660010
WAREHOUSE_METERING,2025-12-07,75.209444403,2.402436805,77.611881208,-2.4024368050,75.2094444030
TRUST_CENTER,2025-12-08,0.074537016,0.000000000,0.074537016,0.0000000000,0.0745370160
WAREHOUSE_METERING,2025-12-08,86.709999945,2.774772761,89.484772706,-2.7747727610,86.7099999450
TRUST_CENTER,2025-12-09,0.080203423,0.000000000,0.080203423,0.0000000000,0.0802034230
WAREHOUSE_METERING,2025-12-09,87.114444385,3.295688080,90.410132465,-3.2956880800,87.1144443850
TRUST_CENTER,2025-12-10,0.072843435,0.000000000,0.072843435,0.0000000000,0.0728434350
WAREHOUSE_METERING,2025-12-10,88.791944388,11.138026530,99.929970918,-8.8791944388,91.0507764792
TRUST_CENTER,2025-12-11,0.073492097,0.000000000,0.073492097,0.0000000000,0.0734920970
WAREHOUSE_METERING,2025-12-11,83.749999947,4.135275885,87.885275832,-4.1352758850,83.7499999470
TRUST_CENTER,2025-12-12,0.069674032,0.000000000,0.069674032,0.0000000000,0.0696740320
WAREHOUSE_METERING,2025-12-12,72.604166620,2.688573995,75.292740615,-2.6885739950,72.6041666200
TRUST_CENTER,2025-12-13,0.082614157,0.000000000,0.082614157,0.0000000000,0.0826141570
WAREHOUSE_METERING,2025-12-13,60.805833288,1.918922872,62.724756160,-1.9189228720,60.8058332880
TRUST_CENTER,2025-12-14,0.080308270,0.000000000,0.080308270,0.0000000000,0.0803082700
WAREHOUSE_METERING,2025-12-14,65.884444406,2.843931649,68.728376055,-2.8439316490,65.8844444060
TRUST_CENTER,2025-12-15,0.093199359,0.000000000,0.093199359,0.0000000000,0.0931993590
WAREHOUSE_METERING,2025-12-15,80.160555499,2.918674607,83.079230106,-2.9186746070,80.1605554990
TRUST_CENTER,2025-12-16,0.088886972,0.000000000,0.088886972,0.0000000000,0.0888869720
WAREHOUSE_METERING,2025-12-16,74.847499945,3.441310853,78.288810798,-3.4413108530,74.8474999450
TRUST_CENTER,2025-12-17,0.077166703,0.000000000,0.077166703,0.0000000000,0.0771667030
WAREHOUSE_METERING,2025-12-17,84.822777726,5.595180375,90.417958101,-5.5951803750,84.8227777260
TRUST_CENTER,2025-12-18,0.070346524,0.000000000,0.070346524,0.0000000000,0.0703465240
WAREHOUSE_METERING,2025-12-18,77.291666618,4.385262682,81.676929300,-4.3852626820,77.2916666180
TRUST_CENTER,2025-12-19,0.075393644,0.000000000,0.075393644,0.0000000000,0.0753936440
WAREHOUSE_METERING,2025-12-19,96.813333256,10.069602969,106.882936225,-9.6813333256,97.2016028994
TRUST_CENTER,2025-12-20,0.070067504,0.000000000,0.070067504,0.0000000000,0.0700675040
WAREHOUSE_METERING,2025-12-20,63.154999955,2.281015518,65.436015473,-2.2810155180,63.1549999550
TRUST_CENTER,2025-12-21,0.077114682,0.000000000,0.077114682,0.0000000000,0.0771146820
WAREHOUSE_METERING,2025-12-21,66.266944401,2.427108678,68.694053079,-2.4271086780,66.2669444010
TRUST_CENTER,2025-12-22,0.070086299,0.000000000,0.070086299,0.0000000000,0.0700862990
WAREHOUSE_METERING,2025-12-22,115.732777715,9.172236137,124.905013852,-9.1722361370,115.7327777150
AUTO_CLUSTERING,2025-12-23,0.000047500,0.000000000,0.000047500,0.0000000000,0.0000475000
TRUST_CENTER,2025-12-23,0.075961719,0.000000000,0.075961719,0.0000000000,0.0759617190
WAREHOUSE_METERING,2025-12-23,176.203611064,5.023964467,181.227575531,-5.0239644670,176.2036110640
TRUST_CENTER,2025-12-24,0.066203896,0.000000000,0.066203896,0.0000000000,0.0662038960
WAREHOUSE_METERING,2025-12-24,169.715277721,4.537569682,174.252847403,-4.5375696820,169.7152777210
TRUST_CENTER,2025-12-25,0.072900127,0.000000000,0.072900127,0.0000000000,0.0729001270
WAREHOUSE_METERING,2025-12-25,68.008888850,2.435636412,70.444525262,-2.4356364120,68.0088888500
TRUST_CENTER,2025-12-26,0.081933004,0.000000000,0.081933004,0.0000000000,0.0819330040
WAREHOUSE_METERING,2025-12-26,126.811388826,3.237333202,130.048722028,-3.2373332020,126.8113888260
TRUST_CENTER,2025-12-27,0.080163824,0.000000000,0.080163824,0.0000000000,0.0801638240
WAREHOUSE_METERING,2025-12-27,63.583055513,2.285275124,65.868330637,-2.2852751240,63.5830555130
TRUST_CENTER,2025-12-28,0.076949307,0.000000000,0.076949307,0.0000000000,0.0769493070
WAREHOUSE_METERING,2025-12-28,64.354166635,2.356134932,66.710301567,-2.3561349320,64.3541666350
TRUST_CENTER,2025-12-29,0.084081580,0.000000000,0.084081580,0.0000000000,0.0840815800
WAREHOUSE_METERING,2025-12-29,82.771111050,2.808337660,85.579448710,-2.8083376600,82.7711110500
TRUST_CENTER,2025-12-30,0.082701272,0.000000000,0.082701272,0.0000000000,0.0827012720
WAREHOUSE_METERING,2025-12-30,80.475277717,2.690789537,83.166067254,-2.6907895370,80.4752777170
TRUST_CENTER,2025-12-31,0.074724914,0.000000000,0.074724914,0.0000000000,0.0747249140
WAREHOUSE_METERING,2025-12-31,74.533055501,2.751656404,77.284711905,-2.7516564040,74.5330555010
TRUST_CENTER,2026-01-01,0.068835486,0.000000000,0.068835486,0.0000000000,0.0688354860
WAREHOUSE_METERING,2026-01-01,67.113333281,2.567738717,69.681071998,-2.5677387170,67.1133332810
TRUST_CENTER,2026-01-02,0.084335578,0.000000000,0.084335578,0.0000000000,0.0843355780
WAREHOUSE_METERING,2026-01-02,69.987222169,2.758996996,72.746219165,-2.7589969960,69.9872221690
TRUST_CENTER,2026-01-03,0.069135772,0.000000000,0.069135772,0.0000000000,0.0691357720
WAREHOUSE_METERING,2026-01-03,61.830555513,2.261803161,64.092358674,-2.2618031610,61.8305555130
TRUST_CENTER,2026-01-04,0.071564080,0.000000000,0.071564080,0.0000000000,0.0715640800
WAREHOUSE_METERING,2026-01-04,64.029999956,2.388099933,66.418099889,-2.3880999330,64.0299999560
TRUST_CENTER,2026-01-05,0.080262676,0.000000000,0.080262676,0.0000000000,0.0802626760
WAREHOUSE_METERING,2026-01-05,78.857499951,3.214618714,82.072118665,-3.2146187140,78.8574999510
TRUST_CENTER,2026-01-06,0.075272762,0.000000000,0.075272762,0.0000000000,0.0752727620
WAREHOUSE_METERING,2026-01-06,82.916944389,2.991925822,85.908870211,-2.9919258220,82.9169443890
TRUST_CENTER,2026-01-07,0.064873916,0.000000000,0.064873916,0.0000000000,0.0648739160
WAREHOUSE_METERING,2026-01-07,100.430555483,3.059627184,103.490182667,-3.0596271840,100.4305554830
TRUST_CENTER,2026-01-08,0.077688174,0.000000000,0.077688174,0.0000000000,0.0776881740
WAREHOUSE_METERING,2026-01-08,119.815833257,3.870955464,123.686788721,-3.8709554640,119.8158332570
TRUST_CENTER,2026-01-09,0.065398829,0.000000000,0.065398829,0.0000000000,0.0653988290
WAREHOUSE_METERING,2026-01-09,86.928333268,2.379743238,89.308076506,-2.3797432380,86.9283332680
TRUST_CENTER,2026-01-10,0.074451567,0.000000000,0.074451567,0.0000000000,0.0744515670
WAREHOUSE_METERING,2026-01-10,88.358888819,2.527972903,90.886861722,-2.5279729030,88.3588888190
TRUST_CENTER,2026-01-11,0.080682695,0.000000000,0.080682695,0.0000000000,0.0806826950
WAREHOUSE_METERING,2026-01-11,76.878055502,2.237521907,79.115577409,-2.2375219070,76.8780555020
TRUST_CENTER,2026-01-12,0.063433653,0.000000000,0.063433653,0.0000000000,0.0634336530
WAREHOUSE_METERING,2026-01-12,85.774722160,2.817407148,88.592129308,-2.8174071480,85.7747221600
TRUST_CENTER,2026-01-13,0.071939229,0.000000000,0.071939229,0.0000000000,0.0719392290
WAREHOUSE_METERING,2026-01-13,83.799722167,3.232415448,87.032137615,-3.2324154480,83.7997221670
TRUST_CENTER,2026-01-14,0.064902317,0.000000000,0.064902317,0.0000000000,0.0649023170
WAREHOUSE_METERING,2026-01-14,82.243333272,2.702044012,84.945377284,-2.7020440120,82.2433332720
TRUST_CENTER,2026-01-15,0.059485563,0.000000000,0.059485563,0.0000000000,0.0594855630
WAREHOUSE_METERING,2026-01-15,83.991388823,2.781951149,86.773339972,-2.7819511490,83.9913888230
TRUST_CENTER,2026-01-16,0.063950499,0.000000000,0.063950499,0.0000000000,0.0639504990
WAREHOUSE_METERING,2026-01-16,73.721388851,2.530747586,76.252136437,-2.5307475860,73.7213888510
TRUST_CENTER,2026-01-17,0.066996271,0.000000000,0.066996271,0.0000000000,0.0669962710
WAREHOUSE_METERING,2026-01-17,55.420833328,2.084491380,57.505324708,-2.0844913800,55.4208333280
TRUST_CENTER,2026-01-18,0.064574925,0.000000000,0.064574925,0.0000000000,0.0645749250
WAREHOUSE_METERING,2026-01-18,55.033055537,2.319787823,57.352843360,-2.3197878230,55.0330555370
TRUST_CENTER,2026-01-19,0.051531954,0.000000000,0.051531954,0.0000000000,0.0515319540
WAREHOUSE_METERING,2026-01-19,80.769999960,2.726736832,83.496736792,-2.7267368320,80.7699999600
TRUST_CENTER,2026-01-20,0.046299136,0.000000000,0.046299136,0.0000000000,0.0462991360
WAREHOUSE_METERING,2026-01-20,84.838333277,2.629023693,87.467356970,-2.6290236930,84.8383332770
TRUST_CENTER,2026-01-21,0.049062043,0.000000000,0.049062043,0.0000000000,0.0490620430
WAREHOUSE_METERING,2026-01-21,89.857777726,2.621938885,92.479716611,-2.6219388850,89.8577777260
TRUST_CENTER,2026-01-22,0.044860009,0.000000000,0.044860009,0.0000000000,0.0448600090
WAREHOUSE_METERING,2026-01-22,81.991666621,2.390267807,84.381934428,-2.3902678070,81.9916666210
TRUST_CENTER,2026-01-23,0.050666802,0.000000000,0.050666802,0.0000000000,0.0506668020
WAREHOUSE_METERING,2026-01-23,75.168333286,2.250121010,77.418454296,-2.2501210100,75.1683332860
TRUST_CENTER,2026-01-24,0.061445160,0.000000000,0.061445160,0.0000000000,0.0614451600
WAREHOUSE_METERING,2026-01-24,59.870555515,2.128853971,61.999409486,-2.1288539710,59.8705555150
TRUST_CENTER,2026-01-25,0.046902573,0.000000000,0.046902573,0.0000000000,0.0469025730
WAREHOUSE_METERING,2026-01-25,60.240555520,2.205434332,62.445989852,-2.2054343320,60.2405555200
TRUST_CENTER,2026-01-26,0.062006350,0.000000000,0.062006350,0.0000000000,0.0620063500
WAREHOUSE_METERING,2026-01-26,83.487499947,2.754939736,86.242439683,-2.7549397360,83.4874999470
TRUST_CENTER,2026-01-27,0.054198383,0.000000000,0.054198383,0.0000000000,0.0541983830
WAREHOUSE_METERING,2026-01-27,84.811666617,2.665857232,87.477523849,-2.6658572320,84.8116666170
TRUST_CENTER,2026-01-28,0.055132599,0.000000000,0.055132599,0.0000000000,0.0551325990
WAREHOUSE_METERING,2026-01-28,83.356944385,2.676881593,86.033825978,-2.6768815930,83.3569443850
TRUST_CENTER,2026-01-29,0.061207571,0.000000000,0.061207571,0.0000000000,0.0612075710
WAREHOUSE_METERING,2026-01-29,82.409999942,2.314195777,84.724195719,-2.3141957770,82.4099999420
TRUST_CENTER,2026-01-30,0.053377063,0.000000000,0.053377063,0.0000000000,0.0533770630
WAREHOUSE_METERING,2026-01-30,75.383055501,2.274751388,77.657806889,-2.2747513880,75.3830555010
TRUST_CENTER,2026-01-31,0.049733502,0.000000000,0.049733502,0.0000000000,0.0497335020
WAREHOUSE_METERING,2026-01-31,64.698333299,2.005303218,66.703636517,-2.0053032180,64.6983332990
TRUST_CENTER,2026-02-01,0.060007320,0.000000000,0.060007320,0.0000000000,0.0600073200
WAREHOUSE_METERING,2026-02-01,68.142777744,2.200204399,70.342982143,-2.2002043990,68.1427777440
TRUST_CENTER,2026-02-02,0.049923988,0.000000000,0.049923988,0.0000000000,0.0499239880
WAREHOUSE_METERING,2026-02-02,82.676111041,2.519216968,85.195328009,-2.5192169680,82.6761110410
TRUST_CENTER,2026-02-03,0.051684265,0.000000000,0.051684265,0.0000000000,0.0516842650
WAREHOUSE_METERING,2026-02-03,82.675555505,2.293970225,84.969525730,-2.2939702250,82.6755555050
TRUST_CENTER,2026-02-04,0.046383371,0.000000000,0.046383371,0.0000000000,0.0463833710
WAREHOUSE_METERING,2026-02-04,80.494444395,2.828554555,83.322998950,-2.8285545550,80.4944443950
TRUST_CENTER,2026-02-05,0.057533563,0.000000000,0.057533563,0.0000000000,0.0575335630
WAREHOUSE_METERING,2026-02-05,73.255555496,2.347712059,75.603267555,-2.3477120590,73.2555554960
TRUST_CENTER,2026-02-06,0.045788454,0.000000000,0.045788454,0.0000000000,0.0457884540
WAREHOUSE_METERING,2026-02-06,77.339722165,2.443077562,79.782799727,-2.4430775620,77.3397221650
TRUST_CENTER,2026-02-07,0.051939947,0.000000000,0.051939947,0.0000000000,0.0519399470
WAREHOUSE_METERING,2026-02-07,70.489444390,1.988722299,72.478166689,-1.9887222990,70.4894443900
TRUST_CENTER,2026-02-08,0.052353495,0.000000000,0.052353495,0.0000000000,0.0523534950
WAREHOUSE_METERING,2026-02-08,63.293055511,2.149027950,65.442083461,-2.1490279500,63.2930555110
TRUST_CENTER,2026-02-09,0.047670734,0.000000000,0.047670734,0.0000000000,0.0476707340
WAREHOUSE_METERING,2026-02-09,94.585833261,2.516460017,97.102293278,-2.5164600170,94.5858332610
TRUST_CENTER,2026-02-10,0.048898252,0.000000000,0.048898252,0.0000000000,0.0488982520
WAREHOUSE_METERING,2026-02-10,119.814444363,2.623146723,122.437591086,-2.6231467230,119.8144443630
TRUST_CENTER,2026-02-11,0.051723406,0.000000000,0.051723406,0.0000000000,0.0517234060
WAREHOUSE_METERING,2026-02-11,85.235277727,2.393195606,87.628473333,-2.3931956060,85.2352777270
TRUST_CENTER,2026-02-12,0.048309451,0.000000000,0.048309451,0.0000000000,0.0483094510
WAREHOUSE_METERING,2026-02-12,76.963055500,2.462407513,79.425463013,-2.4624075130,76.9630555000
TRUST_CENTER,2026-02-13,0.054315692,0.000000000,0.054315692,0.0000000000,0.0543156920
WAREHOUSE_METERING,2026-02-13,72.249722180,2.153257059,74.402979239,-2.1532570590,72.2497221800
TRUST_CENTER,2026-02-14,0.055191141,0.000000000,0.055191141,0.0000000000,0.0551911410
WAREHOUSE_METERING,2026-02-14,65.842499951,1.951644535,67.794144486,-1.9516445350,65.8424999510
TRUST_CENTER,2026-02-15,0.048944636,0.000000000,0.048944636,0.0000000000,0.0489446360
WAREHOUSE_METERING,2026-02-15,62.427499963,2.096974473,64.524474436,-2.0969744730,62.4274999630
TRUST_CENTER,2026-02-16,0.046612940,0.000000000,0.046612940,0.0000000000,0.0466129400
WAREHOUSE_METERING,2026-02-16,62.965833293,2.031331818,64.997165111,-2.0313318180,62.9658332930
TRUST_CENTER,2026-02-17,0.052832490,0.000000000,0.052832490,0.0000000000,0.0528324900
WAREHOUSE_METERING,2026-02-17,64.258611073,2.082144326,66.340755399,-2.0821443260,64.2586110730
TRUST_CENTER,2026-02-18,0.043245513,0.000000000,0.043245513,0.0000000000,0.0432455130
WAREHOUSE_METERING,2026-02-18,63.708055515,2.101359212,65.809414727,-2.1013592120,63.7080555150
TRUST_CENTER,2026-02-19,0.047934168,0.000000000,0.047934168,0.0000000000,0.0479341680
WAREHOUSE_METERING,2026-02-19,84.743611067,2.317603664,87.061214731,-2.3176036640,84.7436110670
TRUST_CENTER,2026-02-20,0.052770693,0.000000000,0.052770693,0.0000000000,0.0527706930
WAREHOUSE_METERING,2026-02-20,80.574999955,2.327096068,82.902096023,-2.3270960680,80.5749999550
TRUST_CENTER,2026-02-21,0.048710336,0.000000000,0.048710336,0.0000000000,0.0487103360
WAREHOUSE_METERING,2026-02-21,65.501666625,2.131235517,67.632902142,-2.1312355170,65.5016666250
TRUST_CENTER,2026-02-22,0.044406812,0.000000000,0.044406812,0.0000000000,0.0444068120
WAREHOUSE_METERING,2026-02-22,64.754166628,2.087623469,66.841790097,-2.0876234690,64.7541666280
TRUST_CENTER,2026-02-23,0.054933440,0.000000000,0.054933440,0.0000000000,0.0549334400
WAREHOUSE_METERING,2026-02-23,81.733888826,2.578239714,84.312128540,-2.5782397140,81.7338888260
TRUST_CENTER,2026-02-24,0.055274528,0.000000000,0.055274528,0.0000000000,0.0552745280
WAREHOUSE_METERING,2026-02-24,87.886111051,2.403286416,90.289397467,-2.4032864160,87.8861110510
TRUST_CENTER,2026-02-25,0.050255057,0.000000000,0.050255057,0.0000000000,0.0502550570
WAREHOUSE_METERING,2026-02-25,87.029166615,2.407315923,89.436482538,-2.4073159230,87.0291666150
TRUST_CENTER,2026-02-26,0.051862679,0.000000000,0.051862679,0.0000000000,0.0518626790
WAREHOUSE_METERING,2026-02-26,81.212222186,2.365018537,83.577240723,-2.3650185370,81.2122221860
TRUST_CENTER,2026-02-27,0.054533515,0.000000000,0.054533515,0.0000000000,0.0545335150
WAREHOUSE_METERING,2026-02-27,73.581388837,2.143640890,75.725029727,-2.1436408900,73.5813888370
TRUST_CENTER,2026-02-28,0.052125152,0.000000000,0.052125152,0.0000000000,0.0521251520
WAREHOUSE_METERING,2026-02-28,67.614166625,2.072497549,69.686664174,-2.0724975490,67.6141666250
TRUST_CENTER,2026-03-01,0.051624919,0.000000000,0.051624919,0.0000000000,0.0516249190
WAREHOUSE_METERING,2026-03-01,66.276666627,1.996640401,68.273307028,-1.9966404010,66.2766666270
TRUST_CENTER,2026-03-02,0.052511202,0.000000000,0.052511202,0.0000000000,0.0525112020
WAREHOUSE_METERING,2026-03-02,69.479444398,3.428067373,72.907511771,-3.4280673730,69.4794443980
TRUST_CENTER,2026-03-03,0.051567910,0.000000000,0.051567910,0.0000000000,0.0515679100
WAREHOUSE_METERING,2026-03-03,77.625277722,2.456979368,80.082257090,-2.4569793680,77.6252777220
TRUST_CENTER,2026-03-04,0.047324193,0.000000000,0.047324193,0.0000000000,0.0473241930
WAREHOUSE_METERING,2026-03-04,74.655833293,2.436290590,77.092123883,-2.4362905900,74.6558332930
TRUST_CENTER,2026-03-05,0.049014155,0.000000000,0.049014155,0.0000000000,0.0490141550
WAREHOUSE_METERING,2026-03-05,76.183888840,2.297696038,78.481584878,-2.2976960380,76.1838888400
TRUST_CENTER,2026-03-06,0.057096918,0.000000000,0.057096918,0.0000000000,0.0570969180
WAREHOUSE_METERING,2026-03-06,68.841666626,2.143173418,70.984840044,-2.1431734180,68.8416666260
TRUST_CENTER,2026-03-07,0.054112283,0.000000000,0.054112283,0.0000000000,0.0541122830
WAREHOUSE_METERING,2026-03-07,64.372499953,1.917641568,66.290141521,-1.9176415680,64.3724999530
TRUST_CENTER,2026-03-08,0.042658032,0.000000000,0.042658032,0.0000000000,0.0426580320
WAREHOUSE_METERING,2026-03-08,64.487499955,2.055172840,66.542672795,-2.0551728400,64.4874999550
TRUST_CENTER,2026-03-09,0.063066134,0.000000000,0.063066134,0.0000000000,0.0630661340
WAREHOUSE_METERING,2026-03-09,74.807777722,2.509594614,77.317372336,-2.5095946140,74.8077777220
TRUST_CENTER,2026-03-10,0.263049965,0.000000000,0.263049965,0.0000000000,0.2630499650
WAREHOUSE_METERING,2026-03-10,73.366388828,2.389990066,75.756378894,-2.3899900660,73.3663888280
COPY_FILES,2026-03-11,0.001536111,0.000000000,0.001536111,0.0000000000,0.0015361110
TRUST_CENTER,2026-03-11,0.579825590,0.000000000,0.579825590,0.0000000000,0.5798255900
WAREHOUSE_METERING,2026-03-11,76.594722164,2.295138747,78.889860911,-2.2951387470,76.5947221640
TRUST_CENTER,2026-03-12,0.618424194,0.000000000,0.618424194,0.0000000000,0.6184241940
WAREHOUSE_METERING,2026-03-12,67.820555523,2.347410838,70.167966361,-2.3474108380,67.8205555230
TRUST_CENTER,2026-03-13,0.546819256,0.000000000,0.546819256,0.0000000000,0.5468192560
WAREHOUSE_METERING,2026-03-13,66.841944398,2.149988034,68.991932432,-2.1499880340,66.8419443980
TRUST_CENTER,2026-03-14,0.506236833,0.000000000,0.506236833,0.0000000000,0.5062368330
WAREHOUSE_METERING,2026-03-14,71.116666614,1.933881901,73.050548515,-1.9338819010,71.1166666140
TRUST_CENTER,2026-03-15,0.501746120,0.000000000,0.501746120,0.0000000000,0.5017461200
WAREHOUSE_METERING,2026-03-15,65.068055521,2.078157504,67.146213025,-2.0781575040,65.0680555210
TRUST_CENTER,2026-03-16,0.557600643,0.000000000,0.557600643,0.0000000000,0.5576006430
WAREHOUSE_METERING,2026-03-16,76.456388831,2.450267824,78.906656655,-2.4502678240,76.4563888310
TRUST_CENTER,2026-03-17,0.563740127,0.000000000,0.563740127,0.0000000000,0.5637401270
WAREHOUSE_METERING,2026-03-17,79.327777730,2.496124940,81.823902670,-2.4961249400,79.3277777300
TRUST_CENTER,2026-03-18,0.577041309,0.000000000,0.577041309,0.0000000000,0.5770413090
WAREHOUSE_METERING,2026-03-18,78.231666615,2.469365406,80.701032021,-2.4693654060,78.2316666150
AI_SERVICES,2026-03-19,0.131955840,0.000000000,0.131955840,0.0000000000,0.1319558400
TRUST_CENTER,2026-03-19,0.576239323,0.000000000,0.576239323,0.0000000000,0.5762393230
WAREHOUSE_METERING,2026-03-19,78.799722182,2.375116289,81.174838471,-2.3751162890,78.7997221820
TRUST_CENTER,2026-03-20,0.559375221,0.000000000,0.559375221,0.0000000000,0.5593752210
WAREHOUSE_METERING,2026-03-20,72.698611056,2.324535193,75.023146249,-2.3245351930,72.6986110560
TRUST_CENTER,2026-03-21,0.531497359,0.000000000,0.531497359,0.0000000000,0.5314973590
WAREHOUSE_METERING,2026-03-21,66.856111067,2.171725592,69.027836659,-2.1717255920,66.8561110670
TRUST_CENTER,2026-03-22,0.504029830,0.000000000,0.504029830,0.0000000000,0.5040298300
WAREHOUSE_METERING,2026-03-22,65.727222188,2.189751965,67.916974153,-2.1897519650,65.7272221880
TRUST_CENTER,2026-03-23,0.560991933,0.000000000,0.560991933,0.0000000000,0.5609919330
WAREHOUSE_METERING,2026-03-23,78.631388833,2.898569193,81.529958026,-2.8985691930,78.6313888330
TRUST_CENTER,2026-03-24,0.554250825,0.000000000,0.554250825,0.0000000000,0.5542508250
WAREHOUSE_METERING,2026-03-24,77.828611072,2.408579339,80.237190411,-2.4085793390,77.8286110720
PIPE,2026-03-25,0.000000000,0.000000000,0.000000000,0.0000000000,0.0000000000
SNOWPARK_CONTAINER_SERVICES,2026-03-25,0.018333334,0.000000000,0.018333334,0.0000000000,0.0183333340
TELEMETRY_DATA_INGEST,2026-03-25,0.000000698,0.000000000,0.000000698,0.0000000000,0.0000006980
TRUST_CENTER,2026-03-25,0.546565956,0.000000000,0.546565956,0.0000000000,0.5465659560
WAREHOUSE_METERING,2026-03-25,79.833611052,2.518450913,82.352061965,-2.5184509130,79.8336110520
TRUST_CENTER,2026-03-26,0.573444424,0.000000000,0.573444424,0.0000000000,0.5734444240
WAREHOUSE_METERING,2026-03-26,82.251111064,2.463647964,84.714759028,-2.4636479640,82.2511110640
TRUST_CENTER,2026-03-27,0.533239652,0.000000000,0.533239652,0.0000000000,0.5332396520
WAREHOUSE_METERING,2026-03-27,70.498055505,2.260657131,72.758712636,-2.2606571310,70.4980555050
TRUST_CENTER,2026-03-28,0.523666330,0.000000000,0.523666330,0.0000000000,0.5236663300
WAREHOUSE_METERING,2026-03-28,63.636388853,2.025811827,65.662200680,-2.0258118270,63.6363888530
TRUST_CENTER,2026-03-29,0.563137433,0.000000000,0.563137433,0.0000000000,0.5631374330
WAREHOUSE_METERING,2026-03-29,63.762222186,2.175933927,65.938156113,-2.1759339270,63.7622221860
TRUST_CENTER,2026-03-30,0.580128227,0.000000000,0.580128227,0.0000000000,0.5801282270
WAREHOUSE_METERING,2026-03-30,77.271111049,2.457960056,79.729071105,-2.4579600560,77.2711110490
TRUST_CENTER,2026-03-31,0.526924681,0.000000000,0.526924681,0.0000000000,0.5269246810
WAREHOUSE_METERING,2026-03-31,75.257222193,2.534645861,77.791868054,-2.5346458610,75.2572221930
TRUST_CENTER,2026-04-01,0.533697619,0.000000000,0.533697619,0.0000000000,0.5336976190
WAREHOUSE_METERING,2026-04-01,77.673055511,2.627315640,80.300371151,-2.6273156400,77.6730555110
TRUST_CENTER,2026-04-02,0.606602301,0.000000000,0.606602301,0.0000000000,0.6066023010
WAREHOUSE_METERING,2026-04-02,69.923611080,2.619610715,72.543221795,-2.6196107150,69.9236110800
TRUST_CENTER,2026-04-03,0.537783105,0.000000000,0.537783105,0.0000000000,0.5377831050
WAREHOUSE_METERING,2026-04-03,68.172222177,2.367145451,70.539367628,-2.3671454510,68.1722221770
TRUST_CENTER,2026-04-04,0.485139285,0.000000000,0.485139285,0.0000000000,0.4851392850
WAREHOUSE_METERING,2026-04-04,61.424999966,2.042825003,63.467824969,-2.0428250030,61.4249999660
TRUST_CENTER,2026-04-05,0.510310416,0.000000000,0.510310416,0.0000000000,0.5103104160
WAREHOUSE_METERING,2026-04-05,62.865555513,2.175747351,65.041302864,-2.1757473510,62.8655555130
CORTEX_CODE_SNOWSIGHT,2026-04-06,8.765787600,0.000000000,8.765787600,0.0000000000,8.7657876000
TRUST_CENTER,2026-04-06,0.602571786,0.000000000,0.602571786,0.0000000000,0.6025717860
WAREHOUSE_METERING,2026-04-06,76.104166616,2.558961719,78.663128335,-2.5589617190,76.1041666160
AI_SERVICES,2026-04-07,0.006138000,0.000000000,0.006138000,0.0000000000,0.0061380000
CORTEX_CODE_SNOWSIGHT,2026-04-07,4.780539040,0.000000000,4.780539040,0.0000000000,4.7805390400
PIPE,2026-04-07,0.000000000,0.000000000,0.000000000,0.0000000000,0.0000000000
SNOWFLAKE_INTELLIGENCE,2026-04-07,0.032899980,0.000000000,0.032899980,0.0000000000,0.0328999800
TELEMETRY_DATA_INGEST,2026-04-07,0.000000302,0.000000000,0.000000302,0.0000000000,0.0000003020
TRUST_CENTER,2026-04-07,0.597850234,0.000000000,0.597850234,0.0000000000,0.5978502340
WAREHOUSE_METERING,2026-04-07,75.720833287,2.543463594,78.264296881,-2.5434635940,75.7208332870
AUTO_CLUSTERING,2026-04-08,0.000095278,0.000000000,0.000095278,0.0000000000,0.0000952780
CORTEX_CODE_SNOWSIGHT,2026-04-08,0.401559500,0.000000000,0.401559500,0.0000000000,0.4015595000
TRUST_CENTER,2026-04-08,0.580517387,0.000000000,0.580517387,0.0000000000,0.5805173870
WAREHOUSE_METERING,2026-04-08,70.906111071,2.473058412,73.379169483,-2.4730584120,70.9061110710
AI_SERVICES,2026-04-09,0.119923650,0.000000000,0.119923650,0.0000000000,0.1199236500
CORTEX_AGENTS,2026-04-09,2.070303680,0.000000000,2.070303680,0.0000000000,2.0703036800
CORTEX_CODE_SNOWSIGHT,2026-04-09,3.685496870,0.000000000,3.685496870,0.0000000000,3.6854968700
PIPE,2026-04-09,0.000000000,0.000000000,0.000000000,0.0000000000,0.0000000000
SNOWFLAKE_INTELLIGENCE,2026-04-09,2.037312290,0.000000000,2.037312290,0.0000000000,2.0373122900
TELEMETRY_DATA_INGEST,2026-04-09,0.000043329,0.000000000,0.000043329,0.0000000000,0.0000433290
TRUST_CENTER,2026-04-09,0.596747886,0.000000000,0.596747886,0.0000000000,0.5967478860
WAREHOUSE_METERING,2026-04-09,73.201111059,2.358238303,75.559349362,-2.3582383030,73.2011110590
AI_SERVICES,2026-04-10,0.077144100,0.000000000,0.077144100,0.0000000000,0.0771441000
AUTO_CLUSTERING,2026-04-10,0.000276606,0.000000000,0.000276606,0.0000000000,0.0002766060
CORTEX_CODE_SNOWSIGHT,2026-04-10,0.259168810,0.000000000,0.259168810,0.0000000000,0.2591688100
PIPE,2026-04-10,0.000000000,0.000000000,0.000000000,0.0000000000,0.0000000000
SNOWFLAKE_INTELLIGENCE,2026-04-10,4.591435680,0.000000000,4.591435680,0.0000000000,4.5914356800
TELEMETRY_DATA_INGEST,2026-04-10,0.000057652,0.000000000,0.000057652,0.0000000000,0.0000576520
TRUST_CENTER,2026-04-10,0.595169192,0.000000000,0.595169192,0.0000000000,0.5951691920
WAREHOUSE_METERING,2026-04-10,71.366388844,2.380869454,73.747258298,-2.3808694540,71.3663888440
AUTO_CLUSTERING,2026-04-11,0.000306489,0.000000000,0.000306489,0.0000000000,0.0003064890
TRUST_CENTER,2026-04-11,0.665066983,0.000000000,0.665066983,0.0000000000,0.6650669830
WAREHOUSE_METERING,2026-04-11,62.473611080,1.955282146,64.428893226,-1.9552821460,62.4736110800
AUTO_CLUSTERING,2026-04-12,0.000051944,0.000000000,0.000051944,0.0000000000,0.0000519440
TRUST_CENTER,2026-04-12,0.597648691,0.000000000,0.597648691,0.0000000000,0.5976486910
WAREHOUSE_METERING,2026-04-12,62.169444406,2.073117599,64.242562005,-2.0731175990,62.1694444060
TRUST_CENTER,2026-04-13,0.601795554,0.000000000,0.601795554,0.0000000000,0.6017955540
WAREHOUSE_METERING,2026-04-13,69.016388857,2.369864102,71.386252959,-2.3698641020,69.0163888570
PIPE,2026-04-14,0.000000000,0.000000000,0.000000000,0.0000000000,0.0000000000
SNOWFLAKE_INTELLIGENCE,2026-04-14,0.424746310,0.000000000,0.424746310,0.0000000000,0.4247463100
TELEMETRY_DATA_INGEST,2026-04-14,0.000003771,0.000000000,0.000003771,0.0000000000,0.0000037710
TRUST_CENTER,2026-04-14,0.682268967,0.000000000,0.682268967,0.0000000000,0.6822689670
WAREHOUSE_METERING,2026-04-14,70.565277727,2.348526138,72.913803865,-2.3485261380,70.5652777270
AUTO_CLUSTERING,2026-04-15,0.000340550,0.000000000,0.000340550,0.0000000000,0.0003405500
TRUST_CENTER,2026-04-15,0.600151367,0.000000000,0.600151367,0.0000000000,0.6001513670
WAREHOUSE_METERING,2026-04-15,75.472222171,2.517478560,77.989700731,-2.5174785600,75.4722221710
AUTO_CLUSTERING,2026-04-16,0.000327217,0.000000000,0.000327217,0.0000000000,0.0003272170
CORTEX_CODE_SNOWSIGHT,2026-04-16,0.458171720,0.000000000,0.458171720,0.0000000000,0.4581717200
PIPE,2026-04-16,0.000000000,0.000000000,0.000000000,0.0000000000,0.0000000000
SNOWFLAKE_INTELLIGENCE,2026-04-16,0.575524920,0.000000000,0.575524920,0.0000000000,0.5755249200
TELEMETRY_DATA_INGEST,2026-04-16,0.000006984,0.000000000,0.000006984,0.0000000000,0.0000069840
TRUST_CENTER,2026-04-16,0.630442788,0.000000000,0.630442788,0.0000000000,0.6304427880
WAREHOUSE_METERING,2026-04-16,70.889166616,2.437414598,73.326581214,-2.4374145980,70.8891666160
AUTO_CLUSTERING,2026-04-17,0.000086667,0.000000000,0.000086667,0.0000000000,0.0000866670
SNOWPARK_CONTAINER_SERVICES,2026-04-17,0.009166667,0.000000000,0.009166667,0.0000000000,0.0091666670
TRUST_CENTER,2026-04-17,0.578287516,0.000000000,0.578287516,0.0000000000,0.5782875160
WAREHOUSE_METERING,2026-04-17,67.506111070,2.223524856,69.729635926,-2.2235248560,67.5061110700
TRUST_CENTER,2026-04-18,0.582719002,0.000000000,0.582719002,0.0000000000,0.5827190020
WAREHOUSE_METERING,2026-04-18,67.647777733,2.168844853,69.816622586,-2.1688448530,67.6477777330
PIPE,2026-04-19,0.000000000,0.000000000,0.000000000,0.0000000000,0.0000000000
SNOWPARK_CONTAINER_SERVICES,2026-04-19,0.009166667,0.000000000,0.009166667,0.0000000000,0.0091666670
TELEMETRY_DATA_INGEST,2026-04-19,0.000000017,0.000000000,0.000000017,0.0000000000,0.0000000170
TRUST_CENTER,2026-04-19,0.557859178,0.000000000,0.557859178,0.0000000000,0.5578591780
WAREHOUSE_METERING,2026-04-19,63.073333294,2.095256255,65.168589549,-2.0952562550,63.0733332940
PIPE,2026-04-20,0.000000000,0.000000000,0.000000000,0.0000000000,0.0000000000
SNOWPARK_CONTAINER_SERVICES,2026-04-20,0.009166667,0.000000000,0.009166667,0.0000000000,0.0091666670
TELEMETRY_DATA_INGEST,2026-04-20,0.000000017,0.000000000,0.000000017,0.0000000000,0.0000000170
TRUST_CENTER,2026-04-20,0.631624557,0.000000000,0.631624557,0.0000000000,0.6316245570
WAREHOUSE_METERING,2026-04-20,68.010833284,2.419518979,70.430352263,-2.4195189790,68.0108332840
TRUST_CENTER,2026-04-21,0.635801578,0.000000000,0.635801578,0.0000000000,0.6358015780
WAREHOUSE_METERING,2026-04-21,69.021111059,2.578468811,71.599579870,-2.5784688110,69.0211110590
TRUST_CENTER,2026-04-22,0.535855150,0.000000000,0.535855150,0.0000000000,0.5358551500
WAREHOUSE_METERING,2026-04-22,67.311666621,2.376775001,69.688441622,-2.3767750010,67.3116666210
TRUST_CENTER,2026-04-23,0.567504405,0.000000000,0.567504405,0.0000000000,0.5675044050
WAREHOUSE_METERING,2026-04-23,71.750833297,2.303133191,74.053966488,-2.3031331910,71.7508332970
TRUST_CENTER,2026-04-24,0.560063089,0.000000000,0.560063089,0.0000000000,0.5600630890
WAREHOUSE_METERING,2026-04-24,67.189999952,2.279772358,69.469772310,-2.2797723580,67.1899999520
TRUST_CENTER,2026-04-25,0.578878338,0.000000000,0.578878338,0.0000000000,0.5788783380
WAREHOUSE_METERING,2026-04-25,62.819999955,2.026851168,64.846851123,-2.0268511680,62.8199999550
TRUST_CENTER,2026-04-26,0.505510745,0.000000000,0.505510745,0.0000000000,0.5055107450
WAREHOUSE_METERING,2026-04-26,63.227499972,2.100480432,65.327980404,-2.1004804320,63.2274999720
TRUST_CENTER,2026-04-27,0.564925942,0.000000000,0.564925942,0.0000000000,0.5649259420
WAREHOUSE_METERING,2026-04-27,78.673611065,2.331667677,81.005278742,-2.3316676770,78.6736110650
TRUST_CENTER,2026-04-28,0.565302389,0.000000000,0.565302389,0.0000000000,0.5653023890
WAREHOUSE_METERING,2026-04-28,73.854166626,2.381608791,76.235775417,-2.3816087910,73.8541666260
TRUST_CENTER,2026-04-29,0.551346650,0.000000000,0.551346650,0.0000000000,0.5513466500
WAREHOUSE_METERING,2026-04-29,74.989999946,2.499721261,77.489721207,-2.4997212610,74.9899999460
TRUST_CENTER,2026-04-30,0.551290597,0.000000000,0.551290597,0.0000000000,0.5512905970
WAREHOUSE_METERING,2026-04-30,71.716666621,2.417306738,74.133973359,-2.4173067380,71.7166666210
TRUST_CENTER,2026-05-01,0.536444245,0.000000000,0.536444245,0.0000000000,0.5364442450
WAREHOUSE_METERING,2026-05-01,64.533055526,2.184221054,66.717276580,-2.1842210540,64.5330555260
TRUST_CENTER,2026-05-02,0.509750181,0.000000000,0.509750181,0.0000000000,0.5097501810
WAREHOUSE_METERING,2026-05-02,60.758055523,2.096065883,62.854121406,-2.0960658830,60.7580555230
TRUST_CENTER,2026-05-03,0.488059603,0.000000000,0.488059603,0.0000000000,0.4880596030
WAREHOUSE_METERING,2026-05-03,61.854722185,2.113962112,63.968684297,-2.1139621120,61.8547221850
TRUST_CENTER,2026-05-04,0.501874346,0.000000000,0.501874346,0.0000000000,0.5018743460
WAREHOUSE_METERING,2026-05-04,66.548333281,1.988876023,68.537209304,-1.9888760230,66.5483332810
TRUST_CENTER,2026-05-05,0.486191105,0.000000000,0.486191105,0.0000000000,0.4861911050
WAREHOUSE_METERING,2026-05-05,66.614722192,2.577910582,69.192632774,-2.5779105820,66.6147221920
AI_SERVICES,2026-05-06,0.087905500,0.000000000,0.087905500,0.0000000000,0.0879055000
PIPE,2026-05-06,0.000000000,0.000000000,0.000000000,0.0000000000,0.0000000000
TELEMETRY_DATA_INGEST,2026-05-06,0.000000077,0.000000000,0.000000077,0.0000000000,0.0000000770
TRUST_CENTER,2026-05-06,0.507786490,0.000000000,0.507786490,0.0000000000,0.5077864900
WAREHOUSE_METERING,2026-05-06,73.124999956,2.463703164,75.588703120,-2.4637031640,73.1249999560
AI_SERVICES,2026-05-07,0.153849400,0.000000000,0.153849400,0.0000000000,0.1538494000
CORTEX_AGENTS,2026-05-07,0.091321650,0.000000000,0.091321650,0.0000000000,0.0913216500
PIPE,2026-05-07,0.000000000,0.000000000,0.000000000,0.0000000000,0.0000000000
TELEMETRY_DATA_INGEST,2026-05-07,0.000004454,0.000000000,0.000004454,0.0000000000,0.0000044540
TRUST_CENTER,2026-05-07,0.560411976,0.000000000,0.560411976,0.0000000000,0.5604119760
WAREHOUSE_METERING,2026-05-07,77.014722161,2.642875876,79.657598037,-2.6428758760,77.0147221610
AUTO_CLUSTERING,2026-05-08,0.000263715,0.000000000,0.000263715,0.0000000000,0.0002637150
TRUST_CENTER,2026-05-08,0.582414252,0.000000000,0.582414252,0.0000000000,0.5824142520
WAREHOUSE_METERING,2026-05-08,71.660277733,2.409869520,74.070147253,-2.4098695200,71.6602777330
AUTO_CLUSTERING,2026-05-09,0.000051944,0.000000000,0.000051944,0.0000000000,0.0000519440
TRUST_CENTER,2026-05-09,0.544478407,0.000000000,0.544478407,0.0000000000,0.5444784070
WAREHOUSE_METERING,2026-05-09,63.338611081,2.112195839,65.450806920,-2.1121958390,63.3386110810
TRUST_CENTER,2026-05-10,0.520340884,0.000000000,0.520340884,0.0000000000,0.5203408840
WAREHOUSE_METERING,2026-05-10,67.201111075,2.275101174,69.476212249,-2.2751011740,67.2011110750
TRUST_CENTER,2026-05-11,0.613566265,0.000000000,0.613566265,0.0000000000,0.6135662650
WAREHOUSE_METERING,2026-05-11,78.958055501,2.490104107,81.448159608,-2.4901041070,78.9580555010
AI_SERVICES,2026-05-12,0.067000000,0.000000000,0.067000000,0.0000000000,0.0670000000
CORTEX_CODE_SNOWSIGHT,2026-05-12,0.435447410,0.000000000,0.435447410,0.0000000000,0.4354474100
PIPE,2026-05-12,0.000000000,0.000000000,0.000000000,0.0000000000,0.0000000000
SNOWFLAKE_INTELLIGENCE,2026-05-12,1.233044950,0.000000000,1.233044950,0.0000000000,1.2330449500
TELEMETRY_DATA_INGEST,2026-05-12,0.000033807,0.000000000,0.000033807,0.0000000000,0.0000338070
TRUST_CENTER,2026-05-12,0.558551509,0.000000000,0.558551509,0.0000000000,0.5585515090
WAREHOUSE_METERING,2026-05-12,71.441944394,2.594242830,74.036187224,-2.5942428300,71.4419443940
AUTO_CLUSTERING,2026-05-13,0.000296876,0.000000000,0.000296876,0.0000000000,0.0002968760
CORTEX_CODE_SNOWSIGHT,2026-05-13,0.216564410,0.000000000,0.216564410,0.0000000000,0.2165644100
PIPE,2026-05-13,0.000000000,0.000000000,0.000000000,0.0000000000,0.0000000000
TRUST_CENTER,2026-05-13,1.661736788,0.000000000,1.661736788,0.0000000000,1.6617367880
WAREHOUSE_METERING,2026-05-13,67.007499954,2.416080980,69.423580934,-2.4160809800,67.0074999540
AI_SERVICES,2026-05-14,0.375117600,0.000000000,0.375117600,0.0000000000,0.3751176000
AUTO_CLUSTERING,2026-05-14,0.000431662,0.000000000,0.000431662,0.0000000000,0.0004316620
PIPE,2026-05-14,0.000000000,0.000000000,0.000000000,0.0000000000,0.0000000000
SNOWFLAKE_INTELLIGENCE,2026-05-14,0.230098580,0.000000000,0.230098580,0.0000000000,0.2300985800
TELEMETRY_DATA_INGEST,2026-05-14,0.000011394,0.000000000,0.000011394,0.0000000000,0.0000113940
TRUST_CENTER,2026-05-14,1.062394465,0.000000000,1.062394465,0.0000000000,1.0623944650
WAREHOUSE_METERING,2026-05-14,64.163611072,2.378425440,66.542036512,-2.3784254400,64.1636110720
AI_SERVICES,2026-05-15,0.040293000,0.000000000,0.040293000,0.0000000000,0.0402930000
AUTO_CLUSTERING,2026-05-15,0.000099444,0.000000000,0.000099444,0.0000000000,0.0000994440
PIPE,2026-05-15,0.000000000,0.000000000,0.000000000,0.0000000000,0.0000000000
TELEMETRY_DATA_INGEST,2026-05-15,0.000000015,0.000000000,0.000000015,0.0000000000,0.0000000150
TRUST_CENTER,2026-05-15,0.559816743,0.000000000,0.559816743,0.0000000000,0.5598167430
WAREHOUSE_METERING,2026-05-15,59.927222181,2.339670167,62.266892348,-2.3396701670,59.9272221810
TRUST_CENTER,2026-05-16,0.548907279,0.000000000,0.548907279,0.0000000000,0.5489072790
WAREHOUSE_METERING,2026-05-16,48.664722203,2.039613737,50.704335940,-2.0396137370,48.6647222030
TRUST_CENTER,2026-05-17,0.514005781,0.000000000,0.514005781,0.0000000000,0.5140057810
WAREHOUSE_METERING,2026-05-17,53.740555530,2.271038312,56.011593842,-2.2710383120,53.7405555300
TRUST_CENTER,2026-05-18,0.555371937,0.000000000,0.555371937,0.0000000000,0.5553719370
WAREHOUSE_METERING,2026-05-18,64.306944399,2.531506267,66.838450666,-2.5315062670,64.3069443990
AI_SERVICES,2026-05-19,0.020567250,0.000000000,0.020567250,0.0000000000,0.0205672500
PIPE,2026-05-19,0.000000000,0.000000000,0.000000000,0.0000000000,0.0000000000
TELEMETRY_DATA_INGEST,2026-05-19,0.000000310,0.000000000,0.000000310,0.0000000000,0.0000003100
TRUST_CENTER,2026-05-19,0.552416885,0.000000000,0.552416885,0.0000000000,0.5524168850
WAREHOUSE_METERING,2026-05-19,62.768333291,2.353772376,65.122105667,-2.3537723760,62.7683332910
AI_SERVICES,2026-05-20,0.040672500,0.000000000,0.040672500,0.0000000000,0.0406725000
AUTO_CLUSTERING,2026-05-20,0.000437694,0.000000000,0.000437694,0.0000000000,0.0004376940
PIPE,2026-05-20,0.000000000,0.000000000,0.000000000,0.0000000000,0.0000000000
TELEMETRY_DATA_INGEST,2026-05-20,0.000000059,0.000000000,0.000000059,0.0000000000,0.0000000590
TRUST_CENTER,2026-05-20,0.533192948,0.000000000,0.533192948,0.0000000000,0.5331929480
WAREHOUSE_METERING,2026-05-20,72.433055509,2.334466118,74.767521627,-2.3344661180,72.4330555090
AUTO_CLUSTERING,2026-05-21,0.000399855,0.000000000,0.000399855,0.0000000000,0.0003998550
PIPE,2026-05-21,0.000000000,0.000000000,0.000000000,0.0000000000,0.0000000000
TELEMETRY_DATA_INGEST,2026-05-21,0.000000673,0.000000000,0.000000673,0.0000000000,0.0000006730
TRUST_CENTER,2026-05-21,0.539017493,0.000000000,0.539017493,0.0000000000,0.5390174930
WAREHOUSE_METERING,2026-05-21,75.858055524,3.578324924,79.436380448,-3.5783249240,75.8580555240
AUTO_CLUSTERING,2026-05-22,0.000157778,0.000000000,0.000157778,0.0000000000,0.0001577780
TRUST_CENTER,2026-05-22,0.539806554,0.000000000,0.539806554,0.0000000000,0.5398065540
WAREHOUSE_METERING,2026-05-22,59.176388876,2.144175307,61.320564183,-2.1441753070,59.1763888760
TRUST_CENTER,2026-05-23,0.495199787,0.000000000,0.495199787,0.0000000000,0.4951997870
WAREHOUSE_METERING,2026-05-23,50.828333315,1.982038774,52.810372089,-1.9820387740,50.8283333150
TRUST_CENTER,2026-05-24,0.551535461,0.000000000,0.551535461,0.0000000000,0.5515354610
WAREHOUSE_METERING,2026-05-24,50.081111080,2.024201403,52.105312483,-2.0242014030,50.0811110800
TRUST_CENTER,2026-05-25,0.513237558,0.000000000,0.513237558,0.0000000000,0.5132375580
WAREHOUSE_METERING,2026-05-25,54.313888869,2.144626184,56.458515053,-2.1446261840,54.3138888690
AUTO_CLUSTERING,2026-05-26,0.000377356,0.000000000,0.000377356,0.0000000000,0.0003773560
PIPE,2026-05-26,0.000000000,0.000000000,0.000000000,0.0000000000,0.0000000000
TELEMETRY_DATA_INGEST,2026-05-26,0.000000936,0.000000000,0.000000936,0.0000000000,0.0000009360
TRUST_CENTER,2026-05-26,0.596675214,0.000000000,0.596675214,0.0000000000,0.5966752140
WAREHOUSE_METERING,2026-05-26,67.551111077,2.489370418,70.040481495,-2.4893704180,67.5511110770
AI_SERVICES,2026-05-27,0.119209200,0.000000000,0.119209200,0.0000000000,0.1192092000
AUTO_CLUSTERING,2026-05-27,0.000378635,0.000000000,0.000378635,0.0000000000,0.0003786350
CORTEX_CODE_SNOWSIGHT,2026-05-27,0.430348800,0.000000000,0.430348800,0.0000000000,0.4303488000
PIPE,2026-05-27,0.000000000,0.000000000,0.000000000,0.0000000000,0.0000000000
SNOWFLAKE_INTELLIGENCE,2026-05-27,0.487561770,0.000000000,0.487561770,0.0000000000,0.4875617700
TELEMETRY_DATA_INGEST,2026-05-27,0.000050610,0.000000000,0.000050610,0.0000000000,0.0000506100
TRUST_CENTER,2026-05-27,0.607919615,0.000000000,0.607919615,0.0000000000,0.6079196150
WAREHOUSE_METERING,2026-05-27,64.719999975,2.471193745,67.191193720,-2.4711937450,64.7199999750
AUTO_CLUSTERING,2026-05-28,0.000248301,0.000000000,0.000248301,0.0000000000,0.0002483010
TRUST_CENTER,2026-05-28,0.608102333,0.000000000,0.608102333,0.0000000000,0.6081023330
WAREHOUSE_METERING,2026-05-28,68.384444409,2.423134991,70.807579400,-2.4231349910,68.3844444090
AUTO_CLUSTERING,2026-05-29,0.000311902,0.000000000,0.000311902,0.0000000000,0.0003119020
PIPE,2026-05-29,0.000000000,0.000000000,0.000000000,0.0000000000,0.0000000000
TELEMETRY_DATA_INGEST,2026-05-29,0.000001024,0.000000000,0.000001024,0.0000000000,0.0000010240
TRUST_CENTER,2026-05-29,0.528435186,0.000000000,0.528435186,0.0000000000,0.5284351860
WAREHOUSE_METERING,2026-05-29,67.991111082,2.295940457,70.287051539,-2.2959404570,67.9911110820
AUTO_CLUSTERING,2026-05-30,0.000281935,0.000000000,0.000281935,0.0000000000,0.0002819350
TRUST_CENTER,2026-05-30,0.575424293,0.000000000,0.575424293,0.0000000000,0.5754242930
WAREHOUSE_METERING,2026-05-30,51.758055518,2.097330990,53.855386508,-2.0973309900,51.7580555180
AUTO_CLUSTERING,2026-05-31,0.000176944,0.000000000,0.000176944,0.0000000000,0.0001769440
TRUST_CENTER,2026-05-31,0.496242559,0.000000000,0.496242559,0.0000000000,0.4962425590
WAREHOUSE_METERING,2026-05-31,58.719999963,2.331087543,61.051087506,-2.3310875430,58.7199999630
CORTEX_CODE_SNOWSIGHT,2026-06-01,0.215106520,0.000000000,0.215106520,0.0000000000,0.2151065200
PIPE,2026-06-01,0.000000000,0.000000000,0.000000000,0.0000000000,0.0000000000
TELEMETRY_DATA_INGEST,2026-06-01,0.000021786,0.000000000,0.000021786,0.0000000000,0.0000217860
TRUST_CENTER,2026-06-01,0.570404552,0.000000000,0.570404552,0.0000000000,0.5704045520
WAREHOUSE_METERING,2026-06-01,83.334722168,2.595330284,85.930052452,-2.5953302840,83.3347221680
AUTO_CLUSTERING,2026-06-02,0.000541232,0.000000000,0.000541232,0.0000000000,0.0005412320
CORTEX_CODE_SNOWSIGHT,2026-06-02,1.950137660,0.000000000,1.950137660,0.0000000000,1.9501376600
PIPE,2026-06-02,0.000000000,0.000000000,0.000000000,0.0000000000,0.0000000000
TELEMETRY_DATA_INGEST,2026-06-02,0.000110153,0.000000000,0.000110153,0.0000000000,0.0001101530
TRUST_CENTER,2026-06-02,0.556514277,0.000000000,0.556514277,0.0000000000,0.5565142770
WAREHOUSE_METERING,2026-06-02,69.369722190,2.330599517,71.700321707,-2.3305995170,69.3697221900
AUTO_CLUSTERING,2026-06-03,0.000374471,0.000000000,0.000374471,0.0000000000,0.0003744710
PIPE,2026-06-03,0.000000000,0.000000000,0.000000000,0.0000000000,0.0000000000
TELEMETRY_DATA_INGEST,2026-06-03,0.000000015,0.000000000,0.000000015,0.0000000000,0.0000000150
TRUST_CENTER,2026-06-03,0.534405432,0.000000000,0.534405432,0.0000000000,0.5344054320
WAREHOUSE_METERING,2026-06-03,53.363055538,2.291568976,55.654624514,-2.2915689760,53.3630555380
AUTO_CLUSTERING,2026-06-04,0.000498375,0.000000000,0.000498375,0.0000000000,0.0004983750
PIPE,2026-06-04,0.000000000,0.000000000,0.000000000,0.0000000000,0.0000000000
TELEMETRY_DATA_INGEST,2026-06-04,0.000000746,0.000000000,0.000000746,0.0000000000,0.0000007460
TRUST_CENTER,2026-06-04,0.735875053,0.000000000,0.735875053,0.0000000000,0.7358750530
WAREHOUSE_METERING,2026-06-04,75.455277733,2.604537298,78.059815031,-2.6045372980,75.4552777330
AUTO_CLUSTERING,2026-06-05,0.000350217,0.000000000,0.000350217,0.0000000000,0.0003502170
PIPE,2026-06-05,0.000000000,0.000000000,0.000000000,0.0000000000,0.0000000000
TELEMETRY_DATA_INGEST,2026-06-05,0.000000441,0.000000000,0.000000441,0.0000000000,0.0000004410
TRUST_CENTER,2026-06-05,0.821455045,0.000000000,0.821455045,0.0000000000,0.8214550450
WAREHOUSE_METERING,2026-06-05,65.399444407,2.408519574,67.807963981,-2.4085195740,65.3994444070
AUTO_CLUSTERING,2026-06-06,0.000093611,0.000000000,0.000093611,0.0000000000,0.0000936110
TRUST_CENTER,2026-06-06,0.807347776,0.000000000,0.807347776,0.0000000000,0.8073477760
WAREHOUSE_METERING,2026-06-06,49.564166646,2.047444752,51.611611398,-2.0474447520,49.5641666460
PIPE,2026-06-07,0.000000000,0.000000000,0.000000000,0.0000000000,0.0000000000
TELEMETRY_DATA_INGEST,2026-06-07,0.000000029,0.000000000,0.000000029,0.0000000000,0.0000000290
TRUST_CENTER,2026-06-07,0.795840253,0.000000000,0.795840253,0.0000000000,0.7958402530
WAREHOUSE_METERING,2026-06-07,53.351944405,2.191221663,55.543166068,-2.1912216630,53.3519444050
AI_INFERENCE,2026-06-08,0.000061160,0.000000000,0.000061160,0.0000000000,0.0000611600
AUTO_CLUSTERING,2026-06-08,0.000492282,0.000000000,0.000492282,0.0000000000,0.0004922820
PIPE,2026-06-08,0.000000000,0.000000000,0.000000000,0.0000000000,0.0000000000
SNOWPARK_CONTAINER_SERVICES,2026-06-08,0.041525001,0.000000000,0.041525001,0.0000000000,0.0415250010
TELEMETRY_DATA_INGEST,2026-06-08,0.000001985,0.000000000,0.000001985,0.0000000000,0.0000019850
TRUST_CENTER,2026-06-08,0.786187329,0.000000000,0.786187329,0.0000000000,0.7861873290
WAREHOUSE_METERING,2026-06-08,89.986111058,2.540160880,92.526271938,-2.5401608800,89.9861110580
AI_FUNCTIONS,2026-06-09,0.048497400,0.000000000,0.048497400,0.0000000000,0.0484974000
AUTO_CLUSTERING,2026-06-09,0.000275324,0.000000000,0.000275324,0.0000000000,0.0002753240
PIPE,2026-06-09,0.000000000,0.000000000,0.000000000,0.0000000000,0.0000000000
TELEMETRY_DATA_INGEST,2026-06-09,0.000000398,0.000000000,0.000000398,0.0000000000,0.0000003980
TRUST_CENTER,2026-06-09,0.743782875,0.000000000,0.743782875,0.0000000000,0.7437828750
WAREHOUSE_METERING,2026-06-09,70.445277734,2.424621521,72.869899255,-2.4246215210,70.4452777340
AI_INFERENCE,2026-06-10,0.000496870,0.000000000,0.000496870,0.0000000000,0.0004968700
AUTO_CLUSTERING,2026-06-10,0.000854354,0.000000000,0.000854354,0.0000000000,0.0008543540
PIPE,2026-06-10,0.000000000,0.000000000,0.000000000,0.0000000000,0.0000000000
SNOWFLAKE_INTELLIGENCE,2026-06-10,1.049598870,0.000000000,1.049598870,0.0000000000,1.0495988700
TELEMETRY_DATA_INGEST,2026-06-10,0.000048311,0.000000000,0.000048311,0.0000000000,0.0000483110
TRUST_CENTER,2026-06-10,0.774094637,0.000000000,0.774094637,0.0000000000,0.7740946370
WAREHOUSE_METERING,2026-06-10,69.568611077,2.495651877,72.064262954,-2.4956518770,69.5686110770
AUTO_CLUSTERING,2026-06-11,0.001054379,0.000000000,0.001054379,0.0000000000,0.0010543790
PIPE,2026-06-11,0.000000000,0.000000000,0.000000000,0.0000000000,0.0000000000
SNOWPARK_CONTAINER_SERVICES,2026-06-11,0.009166667,0.000000000,0.009166667,0.0000000000,0.0091666670
TELEMETRY_DATA_INGEST,2026-06-11,0.000003214,0.000000000,0.000003214,0.0000000000,0.0000032140
TRUST_CENTER,2026-06-11,0.755753520,0.000000000,0.755753520,0.0000000000,0.7557535200
WAREHOUSE_METERING,2026-06-11,78.492499949,2.572142549,81.064642498,-2.5721425490,78.4924999490
AUTO_CLUSTERING,2026-06-12,0.000339219,0.000000000,0.000339219,0.0000000000,0.0003392190
PIPE,2026-06-12,0.000000000,0.000000000,0.000000000,0.0000000000,0.0000000000
TELEMETRY_DATA_INGEST,2026-06-12,0.000000177,0.000000000,0.000000177,0.0000000000,0.0000001770
TRUST_CENTER,2026-06-12,0.825588303,0.000000000,0.825588303,0.0000000000,0.8255883030
WAREHOUSE_METERING,2026-06-12,71.938611063,3.822018541,75.760629604,-3.8220185410,71.9386110630
AUTO_CLUSTERING,2026-06-13,0.000153889,0.000000000,0.000153889,0.0000000000,0.0001538890
TRUST_CENTER,2026-06-13,0.819660202,0.000000000,0.819660202,0.0000000000,0.8196602020
WAREHOUSE_METERING,2026-06-13,48.999722187,2.036225784,51.035947971,-2.0362257840,48.9997221870
TRUST_CENTER,2026-06-14,0.786075117,0.000000000,0.786075117,0.0000000000,0.7860751170
WAREHOUSE_METERING,2026-06-14,52.486111070,2.135123904,54.621234974,-2.1351239040,52.4861110700
PIPE,2026-06-15,0.000000000,0.000000000,0.000000000,0.0000000000,0.0000000000
TELEMETRY_DATA_INGEST,2026-06-15,0.000000383,0.000000000,0.000000383,0.0000000000,0.0000003830
TRUST_CENTER,2026-06-15,0.814037668,0.000000000,0.814037668,0.0000000000,0.8140376680
WAREHOUSE_METERING,2026-06-15,72.848611074,2.646738920,75.495349994,-2.6467389200,72.8486110740
AUTO_CLUSTERING,2026-06-16,0.001528708,0.000000000,0.001528708,0.0000000000,0.0015287080
CORTEX_CODE_SNOWSIGHT,2026-06-16,0.384603610,0.000000000,0.384603610,0.0000000000,0.3846036100
PIPE,2026-06-16,0.000000000,0.000000000,0.000000000,0.0000000000,0.0000000000
TELEMETRY_DATA_INGEST,2026-06-16,0.000061242,0.000000000,0.000061242,0.0000000000,0.0000612420
TRUST_CENTER,2026-06-16,0.789218432,0.000000000,0.789218432,0.0000000000,0.7892184320
WAREHOUSE_METERING,2026-06-16,71.310833288,2.488908611,73.799741899,-2.4889086110,71.3108332880
AUTO_CLUSTERING,2026-06-17,0.001727567,0.000000000,0.001727567,0.0000000000,0.0017275670
PIPE,2026-06-17,0.000000000,0.000000000,0.000000000,0.0000000000,0.0000000000
TELEMETRY_DATA_INGEST,2026-06-17,0.000006484,0.000000000,0.000006484,0.0000000000,0.0000064840
TRUST_CENTER,2026-06-17,0.850511339,0.000000000,0.850511339,0.0000000000,0.8505113390
WAREHOUSE_METERING,2026-06-17,73.031388848,2.649581999,75.680970847,-2.6495819990,73.0313888480
AI_FUNCTIONS,2026-06-18,0.303958800,0.000000000,0.303958800,0.0000000000,0.3039588000
AI_INFERENCE,2026-06-18,0.049969500,0.000000000,0.049969500,0.0000000000,0.0499695000
AI_SERVICES,2026-06-18,1.876000000,0.000000000,1.876000000,0.0000000000,1.8760000000
AUTO_CLUSTERING,2026-06-18,0.004463265,0.000000000,0.004463265,0.0000000000,0.0044632650
PIPE,2026-06-18,0.000000000,0.000000000,0.000000000,0.0000000000,0.0000000000
SNOWFLAKE_INTELLIGENCE,2026-06-18,0.680870620,0.000000000,0.680870620,0.0000000000,0.6808706200
TELEMETRY_DATA_INGEST,2026-06-18,0.000043578,0.000000000,0.000043578,0.0000000000,0.0000435780
TRUST_CENTER,2026-06-18,0.837880059,0.000000000,0.837880059,0.0000000000,0.8378800590
WAREHOUSE_METERING,2026-06-18,75.859166617,2.804096042,78.663262659,-2.8040960420,75.8591666170
AI_FUNCTIONS,2026-06-19,0.111090450,0.000000000,0.111090450,0.0000000000,0.1110904500
AI_INFERENCE,2026-06-19,0.003207000,0.000000000,0.003207000,0.0000000000,0.0032070000
AI_SERVICES,2026-06-19,1.139000000,0.000000000,1.139000000,0.0000000000,1.1390000000
AUTO_CLUSTERING,2026-06-19,0.000972692,0.000000000,0.000972692,0.0000000000,0.0009726920
CORTEX_AGENTS,2026-06-19,7.107275140,0.000000000,7.107275140,0.0000000000,7.1072751400
CORTEX_CODE_SNOWSIGHT,2026-06-19,0.107790660,0.000000000,0.107790660,0.0000000000,0.1077906600
CORTEX_SEARCH,2026-06-19,0.000003207,0.000000000,0.000003207,0.0000000000,0.0000032070
PIPE,2026-06-19,0.000000000,0.000000000,0.000000000,0.0000000000,0.0000000000
TELEMETRY_DATA_INGEST,2026-06-19,0.000403927,0.000000000,0.000403927,0.0000000000,0.0004039270
TRUST_CENTER,2026-06-19,0.873189750,0.000000000,0.873189750,0.0000000000,0.8731897500
WAREHOUSE_METERING,2026-06-19,62.825555521,2.319561162,65.145116683,-2.3195611620,62.8255555210
AUTO_CLUSTERING,2026-06-20,0.000128611,0.000000000,0.000128611,0.0000000000,0.0001286110
CORTEX_SEARCH,2026-06-20,0.000004746,0.000000000,0.000004746,0.0000000000,0.0000047460
TRUST_CENTER,2026-06-20,0.834498718,0.000000000,0.834498718,0.0000000000,0.8344987180
WAREHOUSE_METERING,2026-06-20,53.004166644,2.059608409,55.063775053,-2.0596084090,53.0041666440
AI_FUNCTIONS,2026-06-21,0.033186600,0.000000000,0.033186600,0.0000000000,0.0331866000
CORTEX_AGENTS,2026-06-21,1.155190290,0.000000000,1.155190290,0.0000000000,1.1551902900
CORTEX_SEARCH,2026-06-21,0.000004737,0.000000000,0.000004737,0.0000000000,0.0000047370
PIPE,2026-06-21,0.000000000,0.000000000,0.000000000,0.0000000000,0.0000000000
TELEMETRY_DATA_INGEST,2026-06-21,0.000064413,0.000000000,0.000064413,0.0000000000,0.0000644130
TRUST_CENTER,2026-06-21,0.840908753,0.000000000,0.840908753,0.0000000000,0.8409087530
WAREHOUSE_METERING,2026-06-21,51.363611081,2.224529825,53.588140906,-2.2245298250,51.3636110810
AI_FUNCTIONS,2026-06-22,0.101788200,0.000000000,0.101788200,0.0000000000,0.1017882000
AI_SERVICES,2026-06-22,3.685000000,0.000000000,3.685000000,0.0000000000,3.6850000000
AUTO_CLUSTERING,2026-06-22,0.001557089,0.000000000,0.001557089,0.0000000000,0.0015570890
CORTEX_AGENTS,2026-06-22,9.983282670,0.000000000,9.983282670,0.0000000000,9.9832826700
CORTEX_SEARCH,2026-06-22,0.000004745,0.000000000,0.000004745,0.0000000000,0.0000047450
PIPE,2026-06-22,0.000000000,0.000000000,0.000000000,0.0000000000,0.0000000000
SNOWFLAKE_INTELLIGENCE,2026-06-22,1.667694660,0.000000000,1.667694660,0.0000000000,1.6676946600
TELEMETRY_DATA_INGEST,2026-06-22,0.000479372,0.000000000,0.000479372,0.0000000000,0.0004793720
TRUST_CENTER,2026-06-22,0.894523886,0.000000000,0.894523886,0.0000000000,0.8945238860
WAREHOUSE_METERING,2026-06-22,74.281944406,3.663414765,77.945359171,-3.6634147650,74.2819444060
AI_FUNCTIONS,2026-06-23,0.136675800,0.000000000,0.136675800,0.0000000000,0.1366758000
AI_INFERENCE,2026-06-23,0.032583000,0.000000000,0.032583000,0.0000000000,0.0325830000
AI_SERVICES,2026-06-23,1.675000000,0.000000000,1.675000000,0.0000000000,1.6750000000
AUTO_CLUSTERING,2026-06-23,0.000773691,0.000000000,0.000773691,0.0000000000,0.0007736910
CORTEX_AGENTS,2026-06-23,4.721234060,0.000000000,4.721234060,0.0000000000,4.7212340600
CORTEX_SEARCH,2026-06-23,0.000004732,0.000000000,0.000004732,0.0000000000,0.0000047320
PIPE,2026-06-23,0.000000000,0.000000000,0.000000000,0.0000000000,0.0000000000
SNOWFLAKE_INTELLIGENCE,2026-06-23,7.358352830,0.000000000,7.358352830,0.0000000000,7.3583528300
TELEMETRY_DATA_INGEST,2026-06-23,0.000454416,0.000000000,0.000454416,0.0000000000,0.0004544160
TRUST_CENTER,2026-06-23,0.919810091,0.000000000,0.919810091,0.0000000000,0.9198100910
WAREHOUSE_METERING,2026-06-23,75.628611066,4.045996983,79.674608049,-4.0459969830,75.6286110660
AI_FUNCTIONS,2026-06-24,0.860625000,0.000000000,0.860625000,0.0000000000,0.8606250000
AI_INFERENCE,2026-06-24,0.014153110,0.000000000,0.014153110,0.0000000000,0.0141531100
AUTO_CLUSTERING,2026-06-24,0.000661675,0.000000000,0.000661675,0.0000000000,0.0006616750
CORTEX_AGENTS,2026-06-24,1.551084800,0.000000000,1.551084800,0.0000000000,1.5510848000
CORTEX_CODE_DESKTOP,2026-06-24,4.635967360,0.000000000,4.635967360,0.0000000000,4.6359673600
CORTEX_SEARCH,2026-06-24,0.000000958,0.000000000,0.000000958,0.0000000000,0.0000009580
PIPE,2026-06-24,0.000000000,0.000000000,0.000000000,0.0000000000,0.0000000000
TELEMETRY_DATA_INGEST,2026-06-24,0.000268208,0.000000000,0.000268208,0.0000000000,0.0002682080
TRUST_CENTER,2026-06-24,1.024553759,0.000000000,1.024553759,0.0000000000,1.0245537590
WAREHOUSE_METERING,2026-06-24,70.589166621,2.771118324,73.360284945,-2.7711183240,70.5891666210
AI_FUNCTIONS,2026-06-25,0.069499800,0.000000000,0.069499800,0.0000000000,0.0694998000
AI_INFERENCE,2026-06-25,0.000110550,0.000000000,0.000110550,0.0000000000,0.0001105500
AI_SERVICES,2026-06-25,0.067000000,0.000000000,0.067000000,0.0000000000,0.0670000000
AUTO_CLUSTERING,2026-06-25,0.003324689,0.000000000,0.003324689,0.0000000000,0.0033246890
CORTEX_AGENTS,2026-06-25,6.600409470,0.000000000,6.600409470,0.0000000000,6.6004094700
CORTEX_CODE_DESKTOP,2026-06-25,2.884293690,0.000000000,2.884293690,0.0000000000,2.8842936900
CORTEX_CODE_SNOWSIGHT,2026-06-25,1.290218440,0.000000000,1.290218440,0.0000000000,1.2902184400
PIPE,2026-06-25,0.000000000,0.000000000,0.000000000,0.0000000000,0.0000000000
TELEMETRY_DATA_INGEST,2026-06-25,0.000575487,0.000000000,0.000575487,0.0000000000,0.0005754870
TRUST_CENTER,2026-06-25,0.986872507,0.000000000,0.986872507,0.0000000000,0.9868725070
WAREHOUSE_METERING,2026-06-25,71.207777736,2.447381624,73.655159360,-2.4473816240,71.2077777360
AI_FUNCTIONS,2026-06-26,0.187718400,0.000000000,0.187718400,0.0000000000,0.1877184000
AI_INFERENCE,2026-06-26,0.065350500,0.000000000,0.065350500,0.0000000000,0.0653505000
AI_SERVICES,2026-06-26,1.541000000,0.000000000,1.541000000,0.0000000000,1.5410000000
AUTO_CLUSTERING,2026-06-26,0.002055779,0.000000000,0.002055779,0.0000000000,0.0020557790
CORTEX_AGENTS,2026-06-26,22.604016510,0.000000000,22.604016510,0.0000000000,22.6040165100
CORTEX_CODE_DESKTOP,2026-06-26,11.534403270,0.000000000,11.534403270,0.0000000000,11.5344032700
CORTEX_CODE_SNOWSIGHT,2026-06-26,0.241528090,0.000000000,0.241528090,0.0000000000,0.2415280900
PIPE,2026-06-26,0.000000000,0.000000000,0.000000000,0.0000000000,0.0000000000
SNOWFLAKE_INTELLIGENCE,2026-06-26,2.947448810,0.000000000,2.947448810,0.0000000000,2.9474488100
TELEMETRY_DATA_INGEST,2026-06-26,0.005712121,0.000000000,0.005712121,0.0000000000,0.0057121210
TRUST_CENTER,2026-06-26,0.973016990,0.000000000,0.973016990,0.0000000000,0.9730169900
WAREHOUSE_METERING,2026-06-26,67.309999978,2.275388104,69.585388082,-2.2753881040,67.3099999780
AUTO_CLUSTERING,2026-06-27,0.000130278,0.000000000,0.000130278,0.0000000000,0.0001302780
TRUST_CENTER,2026-06-27,1.010400805,0.000000000,1.010400805,0.0000000000,1.0104008050
WAREHOUSE_METERING,2026-06-27,51.498888856,2.149470953,53.648359809,-2.1494709530,51.4988888560
AI_FUNCTIONS,2026-06-28,0.101647800,0.000000000,0.101647800,0.0000000000,0.1016478000
PIPE,2026-06-28,0.000000000,0.000000000,0.000000000,0.0000000000,0.0000000000
SNOWFLAKE_INTELLIGENCE,2026-06-28,1.386746830,0.000000000,1.386746830,0.0000000000,1.3867468300
TELEMETRY_DATA_INGEST,2026-06-28,0.000037229,0.000000000,0.000037229,0.0000000000,0.0000372290
TRUST_CENTER,2026-06-28,1.024812102,0.000000000,1.024812102,0.0000000000,1.0248121020
WAREHOUSE_METERING,2026-06-28,57.498888859,2.176899784,59.675788643,-2.1768997840,57.4988888590
AI_FUNCTIONS,2026-06-29,0.330840000,0.000000000,0.330840000,0.0000000000,0.3308400000
AI_INFERENCE,2026-06-29,0.001546500,0.000000000,0.001546500,0.0000000000,0.0015465000
AI_SERVICES,2026-06-29,0.134000000,0.000000000,0.134000000,0.0000000000,0.1340000000
AUTO_CLUSTERING,2026-06-29,0.001742001,0.000000000,0.001742001,0.0000000000,0.0017420010
COPY_FILES,2026-06-29,0.001007778,0.000000000,0.001007778,0.0000000000,0.0010077780
CORTEX_AGENTS,2026-06-29,2.789544660,0.000000000,2.789544660,0.0000000000,2.7895446600
CORTEX_CODE_SNOWSIGHT,2026-06-29,1.210818890,0.000000000,1.210818890,0.0000000000,1.2108188900
PIPE,2026-06-29,0.000000000,0.000000000,0.000000000,0.0000000000,0.0000000000
SNOWFLAKE_INTELLIGENCE,2026-06-29,3.524891970,0.000000000,3.524891970,0.0000000000,3.5248919700
TELEMETRY_DATA_INGEST,2026-06-29,0.000487850,0.000000000,0.000487850,0.0000000000,0.0004878500
TRUST_CENTER,2026-06-29,0.989887091,0.000000000,0.989887091,0.0000000000,0.9898870910
WAREHOUSE_METERING,2026-06-29,79.210833281,2.477351322,81.688184603,-2.4773513220,79.2108332810
AI_FUNCTIONS,2026-06-30,0.441981000,0.000000000,0.441981000,0.0000000000,0.4419810000
AI_INFERENCE,2026-06-30,0.031876500,0.000000000,0.031876500,0.0000000000,0.0318765000
AI_SERVICES,2026-06-30,0.201000000,0.000000000,0.201000000,0.0000000000,0.2010000000
AUTO_CLUSTERING,2026-06-30,0.001388874,0.000000000,0.001388874,0.0000000000,0.0013888740
CORTEX_AGENTS,2026-06-30,0.103149590,0.000000000,0.103149590,0.0000000000,0.1031495900
CORTEX_CODE_DESKTOP,2026-06-30,0.172506640,0.000000000,0.172506640,0.0000000000,0.1725066400
CORTEX_CODE_SNOWSIGHT,2026-06-30,0.447528180,0.000000000,0.447528180,0.0000000000,0.4475281800
PIPE,2026-06-30,0.000000000,0.000000000,0.000000000,0.0000000000,0.0000000000
SNOWFLAKE_INTELLIGENCE,2026-06-30,7.181746610,0.000000000,7.181746610,0.0000000000,7.1817466100
TELEMETRY_DATA_INGEST,2026-06-30,0.000510053,0.000000000,0.000510053,0.0000000000,0.0005100530
TRUST_CENTER,2026-06-30,0.935834585,0.000000000,0.935834585,0.0000000000,0.9358345850
WAREHOUSE_METERING,2026-06-30,83.924999944,2.640363762,86.565363706,-2.6403637620,83.9249999440
AI_FUNCTIONS,2026-07-01,0.002293200,0.000000000,0.002293200,0.0000000000,0.0022932000
AI_INFERENCE,2026-07-01,0.014619000,0.000000000,0.014619000,0.0000000000,0.0146190000
AUTO_CLUSTERING,2026-07-01,0.001391395,0.000000000,0.001391395,0.0000000000,0.0013913950
COPY_FILES,2026-07-01,0.001890555,0.000000000,0.001890555,0.0000000000,0.0018905550
CORTEX_AGENTS,2026-07-01,0.679035770,0.000000000,0.679035770,0.0000000000,0.6790357700
PIPE,2026-07-01,0.000000000,0.000000000,0.000000000,0.0000000000,0.0000000000
SNOWFLAKE_COCO_SNOWSIGHT,2026-07-01,1.083054650,0.000000000,1.083054650,0.0000000000,1.0830546500
SNOWFLAKE_COWORK,2026-07-01,1.056459030,0.000000000,1.056459030,0.0000000000,1.0564590300
TELEMETRY_DATA_INGEST,2026-07-01,0.000251196,0.000000000,0.000251196,0.0000000000,0.0002511960
TRUST_CENTER,2026-07-01,0.890947145,0.000000000,0.890947145,0.0000000000,0.8909471450
WAREHOUSE_METERING,2026-07-01,71.833333283,2.633583828,74.466917111,-2.6335838280,71.8333332830
AI_FUNCTIONS,2026-07-02,0.144212400,0.000000000,0.144212400,0.0000000000,0.1442124000
AI_INFERENCE,2026-07-02,0.000277750,0.000000000,0.000277750,0.0000000000,0.0002777500
AUTO_CLUSTERING,2026-07-02,0.002286469,0.000000000,0.002286469,0.0000000000,0.0022864690
COPY_FILES,2026-07-02,0.007467223,0.000000000,0.007467223,0.0000000000,0.0074672230
CORTEX_AGENTS,2026-07-02,4.731473300,0.000000000,4.731473300,0.0000000000,4.7314733000
PIPE,2026-07-02,0.000000000,0.000000000,0.000000000,0.0000000000,0.0000000000
SNOWFLAKE_COCO_SNOWSIGHT,2026-07-02,11.246206350,0.000000000,11.246206350,0.0000000000,11.2462063500
SNOWFLAKE_COWORK,2026-07-02,39.213770560,0.000000000,39.213770560,0.0000000000,39.2137705600
TELEMETRY_DATA_INGEST,2026-07-02,0.001483085,0.000000000,0.001483085,0.0000000000,0.0014830850
TRUST_CENTER,2026-07-02,0.932619446,0.000000000,0.932619446,0.0000000000,0.9326194460
WAREHOUSE_METERING,2026-07-02,72.182499958,2.365480089,74.547980047,-2.3654800890,72.1824999580
AI_FUNCTIONS,2026-07-03,0.012569400,0.000000000,0.012569400,0.0000000000,0.0125694000
AUTO_CLUSTERING,2026-07-03,0.001382497,0.000000000,0.001382497,0.0000000000,0.0013824970
CORTEX_AGENTS,2026-07-03,0.732691540,0.000000000,0.732691540,0.0000000000,0.7326915400
PIPE,2026-07-03,0.000000000,0.000000000,0.000000000,0.0000000000,0.0000000000
SNOWFLAKE_COCO_SNOWSIGHT,2026-07-03,2.866863850,0.000000000,2.866863850,0.0000000000,2.8668638500
SNOWFLAKE_COWORK,2026-07-03,1.498172530,0.000000000,1.498172530,0.0000000000,1.4981725300
TELEMETRY_DATA_INGEST,2026-07-03,0.000401263,0.000000000,0.000401263,0.0000000000,0.0004012630
TRUST_CENTER,2026-07-03,1.029084744,0.000000000,1.029084744,0.0000000000,1.0290847440
WAREHOUSE_METERING,2026-07-03,63.529999970,2.283478453,65.813478423,-2.2834784530,63.5299999700
AUTO_CLUSTERING,2026-07-04,0.000103056,0.000000000,0.000103056,0.0000000000,0.0001030560
TRUST_CENTER,2026-07-04,1.035461324,0.000000000,1.035461324,0.0000000000,1.0354613240
WAREHOUSE_METERING,2026-07-04,51.531666641,1.979290318,53.510956959,-1.9792903180,51.5316666410
PIPE,2026-07-05,0.000000000,0.000000000,0.000000000,0.0000000000,0.0000000000
TELEMETRY_DATA_INGEST,2026-07-05,0.000000045,0.000000000,0.000000045,0.0000000000,0.0000000450
TRUST_CENTER,2026-07-05,1.013893108,0.000000000,1.013893108,0.0000000000,1.0138931080
WAREHOUSE_METERING,2026-07-05,52.138333304,2.082131765,54.220465069,-2.0821317650,52.1383333040
AUTO_CLUSTERING,2026-07-06,0.001050886,0.000000000,0.001050886,0.0000000000,0.0010508860
CORTEX_AGENTS,2026-07-06,0.218210690,0.000000000,0.218210690,0.0000000000,0.2182106900
PIPE,2026-07-06,0.000000000,0.000000000,0.000000000,0.0000000000,0.0000000000
SNOWFLAKE_COCO_SNOWSIGHT,2026-07-06,3.034986020,0.000000000,3.034986020,0.0000000000,3.0349860200
TELEMETRY_DATA_INGEST,2026-07-06,0.000233683,0.000000000,0.000233683,0.0000000000,0.0002336830
TRUST_CENTER,2026-07-06,1.104448821,0.000000000,1.104448821,0.0000000000,1.1044488210
WAREHOUSE_METERING,2026-07-06,73.871666635,2.486590350,76.358256985,-2.4865903500,73.8716666350
AUTO_CLUSTERING,2026-07-07,0.001721576,0.000000000,0.001721576,0.0000000000,0.0017215760
PIPE,2026-07-07,0.000000000,0.000000000,0.000000000,0.0000000000,0.0000000000
SNOWFLAKE_COCO_SNOWSIGHT,2026-07-07,0.276699420,0.000000000,0.276699420,0.0000000000,0.2766994200
TELEMETRY_DATA_INGEST,2026-07-07,0.000043916,0.000000000,0.000043916,0.0000000000,0.0000439160
TRUST_CENTER,2026-07-07,1.094546172,0.000000000,1.094546172,0.0000000000,1.0945461720
WAREHOUSE_METERING,2026-07-07,75.097222174,2.445126035,77.542348209,-2.4451260350,75.0972221740
AI_INFERENCE,2026-07-08,0.000051590,0.000000000,0.000051590,0.0000000000,0.0000515900
AUTO_CLUSTERING,2026-07-08,0.000844751,0.000000000,0.000844751,0.0000000000,0.0008447510
PIPE,2026-07-08,0.000000000,0.000000000,0.000000000,0.0000000000,0.0000000000
TELEMETRY_DATA_INGEST,2026-07-08,0.000003234,0.000000000,0.000003234,0.0000000000,0.0000032340
TRUST_CENTER,2026-07-08,1.072893847,0.000000000,1.072893847,0.0000000000,1.0728938470
WAREHOUSE_METERING,2026-07-08,74.600277733,2.425746748,77.026024481,-2.4257467480,74.6002777330
AI_INFERENCE,2026-07-09,0.000067980,0.000000000,0.000067980,0.0000000000,0.0000679800
AUTO_CLUSTERING,2026-07-09,0.002630146,0.000000000,0.002630146,0.0000000000,0.0026301460
PIPE,2026-07-09,0.000000000,0.000000000,0.000000000,0.0000000000,0.0000000000
SNOWFLAKE_COCO_SNOWSIGHT,2026-07-09,0.125623980,0.000000000,0.125623980,0.0000000000,0.1256239800
TELEMETRY_DATA_INGEST,2026-07-09,0.000030835,0.000000000,0.000030835,0.0000000000,0.0000308350
TRUST_CENTER,2026-07-09,1.101703485,0.000000000,1.101703485,0.0000000000,1.1017034850
WAREHOUSE_METERING,2026-07-09,77.051666634,2.377025991,79.428692625,-2.3770259910,77.0516666340
AUTO_CLUSTERING,2026-07-10,0.000104444,0.000000000,0.000104444,0.0000000000,0.0001044440
PIPE,2026-07-10,0.000000000,0.000000000,0.000000000,0.0000000000,0.0000000000
SNOWFLAKE_COCO_SNOWSIGHT,2026-07-10,0.163004070,0.000000000,0.163004070,0.0000000000,0.1630040700
TELEMETRY_DATA_INGEST,2026-07-10,0.000022158,0.000000000,0.000022158,0.0000000000,0.0000221580
TRUST_CENTER,2026-07-10,0.722886313,0.000000000,0.722886313,0.0000000000,0.7228863130
WAREHOUSE_METERING,2026-07-10,61.377499965,2.135986472,63.513486437,-2.1359864720,61.3774999650
TRUST_CENTER,2026-07-11,0.712764115,0.000000000,0.712764115,0.0000000000,0.7127641150
WAREHOUSE_METERING,2026-07-11,50.422499974,2.108855791,52.531355765,-2.1088557910,50.4224999740
PIPE,2026-07-12,0.000000000,0.000000000,0.000000000,0.0000000000,0.0000000000
TELEMETRY_DATA_INGEST,2026-07-12,0.000000696,0.000000000,0.000000696,0.0000000000,0.0000006960
TRUST_CENTER,2026-07-12,0.690387582,0.000000000,0.690387582,0.0000000000,0.6903875820
WAREHOUSE_METERING,2026-07-12,51.831944409,2.168617244,54.000561653,-2.1686172440,51.8319444090
AI_INFERENCE,2026-07-13,0.000364980,0.000000000,0.000364980,0.0000000000,0.0003649800
PIPE,2026-07-13,0.000000000,0.000000000,0.000000000,0.0000000000,0.0000000000
TELEMETRY_DATA_INGEST,2026-07-13,0.000011917,0.000000000,0.000011917,0.0000000000,0.0000119170
TRUST_CENTER,2026-07-13,0.681279622,0.000000000,0.681279622,0.0000000000,0.6812796220
WAREHOUSE_METERING,2026-07-13,77.400833288,2.614102946,80.014936234,-2.6141029460,77.4008332880
PIPE,2026-07-14,0.000000000,0.000000000,0.000000000,0.0000000000,0.0000000000
TELEMETRY_DATA_INGEST,2026-07-14,0.000002151,0.000000000,0.000002151,0.0000000000,0.0000021510
TRUST_CENTER,2026-07-14,0.660659084,0.000000000,0.660659084,0.0000000000,0.6606590840
WAREHOUSE_METERING,2026-07-14,73.290555530,2.485381421,75.775936951,-2.4853814210,73.2905555300
PIPE,2026-07-15,0.000000000,0.000000000,0.000000000,0.0000000000,0.0000000000
SNOWFLAKE_COWORK,2026-07-15,0.754564330,0.000000000,0.754564330,0.0000000000,0.7545643300
TELEMETRY_DATA_INGEST,2026-07-15,0.000035031,0.000000000,0.000035031,0.0000000000,0.0000350310
TRUST_CENTER,2026-07-15,0.675369738,0.000000000,0.675369738,0.0000000000,0.6753697380
WAREHOUSE_METERING,2026-07-15,67.275277756,2.237816559,69.513094315,-2.2378165590,67.2752777560
AI_INFERENCE,2026-07-16,0.000135520,0.000000000,0.000135520,0.0000000000,0.0001355200
PIPE,2026-07-16,0.000000000,0.000000000,0.000000000,0.0000000000,0.0000000000
TELEMETRY_DATA_INGEST,2026-07-16,0.000000871,0.000000000,0.000000871,0.0000000000,0.0000008710
TRUST_CENTER,2026-07-16,0.738833876,0.000000000,0.738833876,0.0000000000,0.7388338760
WAREHOUSE_METERING,2026-07-16,73.972222185,2.909909652,76.882131837,-2.9099096520,73.9722221850
TRUST_CENTER,2026-07-17,0.669740089,0.000000000,0.669740089,0.0000000000,0.6697400890
WAREHOUSE_METERING,2026-07-17,53.540833307,2.188594564,55.729427871,-2.1885945640,53.5408333070
TRUST_CENTER,2026-07-18,0.729302802,0.000000000,0.729302802,0.0000000000,0.7293028020
WAREHOUSE_METERING,2026-07-18,52.182222187,2.120824658,54.303046845,-2.1208246580,52.1822221870
TRUST_CENTER,2026-07-19,0.656033644,0.000000000,0.656033644,0.0000000000,0.6560336440
WAREHOUSE_METERING,2026-07-19,53.681944419,2.208003559,55.889947978,-2.2080035590,53.6819444190
AI_INFERENCE,2026-07-20,0.000065670,0.000000000,0.000065670,0.0000000000,0.0000656700
PIPE,2026-07-20,0.000000000,0.000000000,0.000000000,0.0000000000,0.0000000000
SNOWFLAKE_COCO_SNOWSIGHT,2026-07-20,0.212947960,0.000000000,0.212947960,0.0000000000,0.2129479600
SNOWPARK_CONTAINER_SERVICES,2026-07-20,0.023100000,0.000000000,0.023100000,0.0000000000,0.0231000000
TELEMETRY_DATA_INGEST,2026-07-20,0.000034087,0.000000000,0.000034087,0.0000000000,0.0000340870
TRUST_CENTER,2026-07-20,0.756659420,0.000000000,0.756659420,0.0000000000,0.7566594200
WAREHOUSE_METERING,2026-07-20,73.049444421,2.496468611,75.545913032,-2.4964686110,73.0494444210
PIPE,2026-07-21,0.000000000,0.000000000,0.000000000,0.0000000000,0.0000000000
TELEMETRY_DATA_INGEST,2026-07-21,0.000003893,0.000000000,0.000003893,0.0000000000,0.0000038930
TRUST_CENTER,2026-07-21,0.697708320,0.000000000,0.697708320,0.0000000000,0.6977083200
WAREHOUSE_METERING,2026-07-21,72.293055521,2.573413744,74.866469265,-2.5734137440,72.2930555210
PIPE,2026-07-22,0.000000000,0.000000000,0.000000000,0.0000000000,0.0000000000
TELEMETRY_DATA_INGEST,2026-07-22,0.000005383,0.000000000,0.000005383,0.0000000000,0.0000053830
TRUST_CENTER,2026-07-22,0.686834466,0.000000000,0.686834466,0.0000000000,0.6868344660
WAREHOUSE_METERING,2026-07-22,73.949999966,2.539855993,76.489855959,-2.5398559930,73.9499999660
AI_INFERENCE,2026-07-23,0.000053570,0.000000000,0.000053570,0.0000000000,0.0000535700
PIPE,2026-07-23,0.000000000,0.000000000,0.000000000,0.0000000000,0.0000000000
SNOWPARK_CONTAINER_SERVICES,2026-07-23,0.009166667,0.000000000,0.009166667,0.0000000000,0.0091666670
TELEMETRY_DATA_INGEST,2026-07-23,0.000003845,0.000000000,0.000003845,0.0000000000,0.0000038450
TRUST_CENTER,2026-07-23,0.682803723,0.000000000,0.682803723,0.0000000000,0.6828037230
WAREHOUSE_METERING,2026-07-23,69.190833288,2.483176658,71.674009946,-2.4831766580,69.1908332880
AI_INFERENCE,2026-07-24,0.000067650,0.000000000,0.000067650,0.0000000000,0.0000676500
PIPE,2026-07-24,0.000000000,0.000000000,0.000000000,0.0000000000,0.0000000000
TELEMETRY_DATA_INGEST,2026-07-24,0.000001195,0.000000000,0.000001195,0.0000000000,0.0000011950
TRUST_CENTER,2026-07-24,0.701273100,0.000000000,0.701273100,0.0000000000,0.7012731000
WAREHOUSE_METERING,2026-07-24,73.195277732,2.535003321,75.730281053,-2.5350033210,73.1952777320
TRUST_CENTER,2026-07-25,0.697723092,0.000000000,0.697723092,0.0000000000,0.6977230920
WAREHOUSE_METERING,2026-07-25,51.972777752,2.129652311,54.102430063,-2.1296523110,51.9727777520
TRUST_CENTER,2026-07-26,0.703535090,0.000000000,0.703535090,0.0000000000,0.7035350900
WAREHOUSE_METERING,2026-07-26,54.969999981,2.199215214,57.169215195,-2.1992152140,54.9699999810
PIPE,2026-07-27,0.000000000,0.000000000,0.000000000,0.0000000000,0.0000000000
TELEMETRY_DATA_INGEST,2026-07-27,0.000000075,0.000000000,0.000000075,0.0000000000,0.0000000750
TRUST_CENTER,2026-07-27,0.718601405,0.000000000,0.718601405,0.0000000000,0.7186014050
WAREHOUSE_METERING,2026-07-27,82.566388851,2.601047243,85.167436094,-2.6010472430,82.5663888510
CORTEX_AGENTS,2026-07-28,0.256340310,0.000000000,0.256340310,0.0000000000,0.2563403100
PIPE,2026-07-28,0.000000000,0.000000000,0.000000000,0.0000000000,0.0000000000
TELEMETRY_DATA_INGEST,2026-07-28,0.000015243,0.000000000,0.000015243,0.0000000000,0.0000152430
TRUST_CENTER,2026-07-28,0.833085341,0.000000000,0.833085341,0.0000000000,0.8330853410
WAREHOUSE_METERING,2026-07-28,80.669722178,2.494574515,83.164296693,-2.4945745150,80.6697221780
PIPE,2026-07-29,0.000000000,0.000000000,0.000000000,0.0000000000,0.0000000000
SNOWFLAKE_COCO_SNOWSIGHT,2026-07-29,0.076673560,0.000000000,0.076673560,0.0000000000,0.0766735600
TELEMETRY_DATA_INGEST,2026-07-29,0.000011288,0.000000000,0.000011288,0.0000000000,0.0000112880
TRUST_CENTER,2026-07-29,0.765960168,0.000000000,0.765960168,0.0000000000,0.7659601680
WAREHOUSE_METERING,2026-07-29,74.235833292,2.583720324,76.819553616,-2.5837203240,74.2358332920
PIPE,2026-07-30,0.000000000,0.000000000,0.000000000,0.0000000000,0.0000000000
SNOWFLAKE_COCO_SNOWSIGHT,2026-07-30,0.632177660,0.000000000,0.632177660,0.0000000000,0.6321776600
TELEMETRY_DATA_INGEST,2026-07-30,0.000067474,0.000000000,0.000067474,0.0000000000,0.0000674740
TRUST_CENTER,2026-07-30,0.772113411,0.000000000,0.772113411,0.0000000000,0.7721134110
WAREHOUSE_METERING,2026-07-30,66.405277750,2.604659475,69.009937225,-2.6046594750,66.4052777500
PIPE,2026-07-31,0.000000000,0.000000000,0.000000000,0.0000000000,0.0000000000
TELEMETRY_DATA_INGEST,2026-07-31,0.000000512,0.000000000,0.000000512,0.0000000000,0.0000005120
TRUST_CENTER,2026-07-31,0.893015772,0.000000000,0.893015772,0.0000000000,0.8930157720
WAREHOUSE_METERING,2026-07-31,72.488888847,2.517120127,75.006008974,-2.5171201270,72.4888888470
TRUST_CENTER,2026-08-01,0.907941918,0.000000000,0.907941918,0.0000000000,0.9079419180
WAREHOUSE_METERING,2026-08-01,54.052777749,2.168659808,56.221437557,-2.1686598080,54.0527777490
TRUST_CENTER,2026-08-02,0.896241832,0.000000000,0.896241832,0.0000000000,0.8962418320
WAREHOUSE_METERING,2026-08-02,54.265555524,2.335459935,56.601015459,-2.3354599350,54.2655555240
PIPE,2026-08-03,0.000000000,0.000000000,0.000000000,0.0000000000,0.0000000000
TELEMETRY_DATA_INGEST,2026-08-03,0.000000147,0.000000000,0.000000147,0.0000000000,0.0000001470
TRUST_CENTER,2026-08-03,0.945191392,0.000000000,0.945191392,0.0000000000,0.9451913920
WAREHOUSE_METERING,2026-08-03,75.944999958,2.669627601,78.614627559,-2.6696276010,75.9449999580
PIPE,2026-08-04,0.000000000,0.000000000,0.000000000,0.0000000000,0.0000000000
TELEMETRY_DATA_INGEST,2026-08-04,0.000000088,0.000000000,0.000000088,0.0000000000,0.0000000880
TRUST_CENTER,2026-08-04,0.828230218,0.000000000,0.828230218,0.0000000000,0.8282302180
WAREHOUSE_METERING,2026-08-04,68.473055520,2.624859316,71.097914836,-2.6248593160,68.4730555200
AI_INFERENCE,2026-08-05,0.000063910,0.000000000,0.000063910,0.0000000000,0.0000639100
PIPE,2026-08-05,0.000000000,0.000000000,0.000000000,0.0000000000,0.0000000000
TELEMETRY_DATA_INGEST,2026-08-05,0.000001497,0.000000000,0.000001497,0.0000000000,0.0000014970
TRUST_CENTER,2026-08-05,0.881999968,0.000000000,0.881999968,0.0000000000,0.8819999680
WAREHOUSE_METERING,2026-08-05,68.518333295,2.399887223,70.918220518,-2.3998872230,68.5183332950
AI_INFERENCE,2026-08-06,0.000301180,0.000000000,0.000301180,0.0000000000,0.0003011800
CORTEX_AGENTS,2026-08-06,0.200323620,0.000000000,0.200323620,0.0000000000,0.2003236200
PIPE,2026-08-06,0.000000000,0.000000000,0.000000000,0.0000000000,0.0000000000
TELEMETRY_DATA_INGEST,2026-08-06,0.000009926,0.000000000,0.000009926,0.0000000000,0.0000099260
TRUST_CENTER,2026-08-06,0.931321622,0.000000000,0.931321622,0.0000000000,0.9313216220
WAREHOUSE_METERING,2026-08-06,72.766111076,2.508394558,75.274505634,-2.5083945580,72.7661110760
AI_INFERENCE,2026-08-07,0.000172920,0.000000000,0.000172920,0.0000000000,0.0001729200
PIPE,2026-08-07,0.000000000,0.000000000,0.000000000,0.0000000000,0.0000000000
SNOWFLAKE_COCO_SNOWSIGHT,2026-08-07,0.696397730,0.000000000,0.696397730,0.0000000000,0.6963977300
TELEMETRY_DATA_INGEST,2026-08-07,0.000076756,0.000000000,0.000076756,0.0000000000,0.0000767560
TRUST_CENTER,2026-08-07,0.916503884,0.000000000,0.916503884,0.0000000000,0.9165038840
WAREHOUSE_METERING,2026-08-07,66.416111067,2.451111680,68.867222747,-2.4511116800,66.4161110670
TRUST_CENTER,2026-08-08,0.824490132,0.000000000,0.824490132,0.0000000000,0.8244901320
WAREHOUSE_METERING,2026-08-08,50.966944414,2.089854610,53.056799024,-2.0898546100,50.9669444140
TRUST_CENTER,2026-08-09,0.826409717,0.000000000,0.826409717,0.0000000000,0.8264097170
WAREHOUSE_METERING,2026-08-09,55.252222194,2.322446356,57.574668550,-2.3224463560,55.2522221940
PIPE,2026-08-10,0.000000000,0.000000000,0.000000000,0.0000000000,0.0000000000
TELEMETRY_DATA_INGEST,2026-08-10,0.000000694,0.000000000,0.000000694,0.0000000000,0.0000006940
TRUST_CENTER,2026-08-10,0.849450129,0.000000000,0.849450129,0.0000000000,0.8494501290
WAREHOUSE_METERING,2026-08-10,80.057777730,2.475737937,82.533515667,-2.4757379370,80.0577777300
PIPE,2026-08-11,0.000000000,0.000000000,0.000000000,0.0000000000,0.0000000000
TELEMETRY_DATA_INGEST,2026-08-11,0.000006620,0.000000000,0.000006620,0.0000000000,0.0000066200
TRUST_CENTER,2026-08-11,0.882768661,0.000000000,0.882768661,0.0000000000,0.8827686610
WAREHOUSE_METERING,2026-08-11,82.297499965,2.938761221,85.236261186,-2.9387612210,82.2974999650
PIPE,2026-08-12,0.000000000,0.000000000,0.000000000,0.0000000000,0.0000000000
TELEMETRY_DATA_INGEST,2026-08-12,0.000003423,0.000000000,0.000003423,0.0000000000,0.0000034230
TRUST_CENTER,2026-08-12,0.864468907,0.000000000,0.864468907,0.0000000000,0.8644689070
WAREHOUSE_METERING,2026-08-12,77.353611061,2.525172405,79.878783466,-2.5251724050,77.3536110610
PIPE,2026-08-13,0.000000000,0.000000000,0.000000000,0.0000000000,0.0000000000
TELEMETRY_DATA_INGEST,2026-08-13,0.000002056,0.000000000,0.000002056,0.0000000000,0.0000020560
TRUST_CENTER,2026-08-13,0.848794612,0.000000000,0.848794612,0.0000000000,0.8487946120
WAREHOUSE_METERING,2026-08-13,67.596388847,2.439427512,70.035816359,-2.4394275120,67.5963888470
PIPE,2026-08-14,0.000000000,0.000000000,0.000000000,0.0000000000,0.0000000000
TELEMETRY_DATA_INGEST,2026-08-14,0.000000059,0.000000000,0.000000059,0.0000000000,0.0000000590
TRUST_CENTER,2026-08-14,0.837867893,0.000000000,0.837867893,0.0000000000,0.8378678930
WAREHOUSE_METERING,2026-08-14,57.849999971,2.347791796,60.197791767,-2.3477917960,57.8499999710
TRUST_CENTER,2026-08-15,0.835591849,0.000000000,0.835591849,0.0000000000,0.8355918490
WAREHOUSE_METERING,2026-08-15,51.389166643,2.141885772,53.531052415,-2.1418857720,51.3891666430
TRUST_CENTER,2026-08-16,0.851296498,0.000000000,0.851296498,0.0000000000,0.8512964980
WAREHOUSE_METERING,2026-08-16,49.446388855,2.210144959,51.656533814,-2.2101449590,49.4463888550
TRUST_CENTER,2026-08-17,0.869472349,0.000000000,0.869472349,0.0000000000,0.8694723490
WAREHOUSE_METERING,2026-08-17,55.328611070,2.505578606,57.834189676,-2.5055786060,55.3286110700
PIPE,2026-08-18,0.000000000,0.000000000,0.000000000,0.0000000000,0.0000000000
TELEMETRY_DATA_INGEST,2026-08-18,0.000000441,0.000000000,0.000000441,0.0000000000,0.0000004410
TRUST_CENTER,2026-08-18,0.901059680,0.000000000,0.901059680,0.0000000000,0.9010596800
WAREHOUSE_METERING,2026-08-18,67.773333302,2.618474989,70.391808291,-2.6184749890,67.7733333020
PIPE,2026-08-19,0.000000000,0.000000000,0.000000000,0.0000000000,0.0000000000
TELEMETRY_DATA_INGEST,2026-08-19,0.000001713,0.000000000,0.000001713,0.0000000000,0.0000017130
TRUST_CENTER,2026-08-19,0.915817433,0.000000000,0.915817433,0.0000000000,0.9158174330
WAREHOUSE_METERING,2026-08-19,65.870277744,2.473725700,68.344003444,-2.4737257000,65.8702777440
PIPE,2026-08-20,0.000000000,0.000000000,0.000000000,0.0000000000,0.0000000000
TELEMETRY_DATA_INGEST,2026-08-20,0.000000761,0.000000000,0.000000761,0.0000000000,0.0000007610
TRUST_CENTER,2026-08-20,0.886123865,0.000000000,0.886123865,0.0000000000,0.8861238650
WAREHOUSE_METERING,2026-08-20,69.472777742,2.878435545,72.351213287,-2.8784355450,69.4727777420
PIPE,2026-08-21,0.000000000,0.000000000,0.000000000,0.0000000000,0.0000000000
TELEMETRY_DATA_INGEST,2026-08-21,0.000001356,0.000000000,0.000001356,0.0000000000,0.0000013560
TRUST_CENTER,2026-08-21,0.902448929,0.000000000,0.902448929,0.0000000000,0.9024489290
WAREHOUSE_METERING,2026-08-21,71.744722196,2.648326665,74.393048861,-2.6483266650,71.7447221960
TRUST_CENTER,2026-08-22,0.822367712,0.000000000,0.822367712,0.0000000000,0.8223677120
WAREHOUSE_METERING,2026-08-22,52.114444416,2.125750451,54.240194867,-2.1257504510,52.1144444160
TRUST_CENTER,2026-08-23,0.832074145,0.000000000,0.832074145,0.0000000000,0.8320741450
WAREHOUSE_METERING,2026-08-23,51.515555523,2.231776689,53.747332212,-2.2317766890,51.5155555230
PIPE,2026-08-24,0.000000000,0.000000000,0.000000000,0.0000000000,0.0000000000
TELEMETRY_DATA_INGEST,2026-08-24,0.000000015,0.000000000,0.000000015,0.0000000000,0.0000000150
TRUST_CENTER,2026-08-24,0.877275956,0.000000000,0.877275956,0.0000000000,0.8772759560
WAREHOUSE_METERING,2026-08-24,114.822499938,2.597042250,117.419542188,-2.5970422500,114.8224999380
PIPE,2026-08-25,0.000000000,0.000000000,0.000000000,0.0000000000,0.0000000000
TELEMETRY_DATA_INGEST,2026-08-25,0.000000076,0.000000000,0.000000076,0.0000000000,0.0000000760
TRUST_CENTER,2026-08-25,0.825904405,0.000000000,0.825904405,0.0000000000,0.8259044050
WAREHOUSE_METERING,2026-08-25,80.484444396,2.603727685,83.088172081,-2.6037276850,80.4844443960
PIPE,2026-08-26,0.000000000,0.000000000,0.000000000,0.0000000000,0.0000000000
TELEMETRY_DATA_INGEST,2026-08-26,0.000000046,0.000000000,0.000000046,0.0000000000,0.0000000460
TRUST_CENTER,2026-08-26,0.945126630,0.000000000,0.945126630,0.0000000000,0.9451266300
WAREHOUSE_METERING,2026-08-26,67.107777738,2.774410514,69.882188252,-2.7744105140,67.1077777380
AI_INFERENCE,2026-08-27,0.000258390,0.000000000,0.000258390,0.0000000000,0.0002583900
AUTO_CLUSTERING,2026-08-27,0.000107223,0.000000000,0.000107223,0.0000000000,0.0001072230
PIPE,2026-08-27,0.000000000,0.000000000,0.000000000,0.0000000000,0.0000000000
TELEMETRY_DATA_INGEST,2026-08-27,0.000000105,0.000000000,0.000000105,0.0000000000,0.0000001050
TRUST_CENTER,2026-08-27,0.938577071,0.000000000,0.938577071,0.0000000000,0.9385770710
WAREHOUSE_METERING,2026-08-27,68.797499957,2.681476289,71.478976246,-2.6814762890,68.7974999570
PIPE,2026-08-28,0.000000000,0.000000000,0.000000000,0.0000000000,0.0000000000
TELEMETRY_DATA_INGEST,2026-08-28,0.000000122,0.000000000,0.000000122,0.0000000000,0.0000001220
TRUST_CENTER,2026-08-28,0.912485679,0.000000000,0.912485679,0.0000000000,0.9124856790
WAREHOUSE_METERING,2026-08-28,70.994722196,4.330289302,75.325011498,-4.3302893020,70.9947221960
TRUST_CENTER,2026-08-29,0.838491478,0.000000000,0.838491478,0.0000000000,0.8384914780
WAREHOUSE_METERING,2026-08-29,50.643333303,2.106816862,52.750150165,-2.1068168620,50.6433333030
TRUST_CENTER,2026-08-30,0.832737028,0.000000000,0.832737028,0.0000000000,0.8327370280
WAREHOUSE_METERING,2026-08-30,51.238333314,2.229317721,53.467651035,-2.2293177210,51.2383333140
PIPE,2026-08-31,0.000000000,0.000000000,0.000000000,0.0000000000,0.0000000000
TELEMETRY_DATA_INGEST,2026-08-31,0.000000045,0.000000000,0.000000045,0.0000000000,0.0000000450
TRUST_CENTER,2026-08-31,0.918824774,0.000000000,0.918824774,0.0000000000,0.9188247740
WAREHOUSE_METERING,2026-08-31,76.344166622,3.589238101,79.933404723,-3.5892381010,76.3441666220
AI_FUNCTIONS,2026-09-01,0.005863404,0.000000000,0.005863404,0.0000000000,0.0058634040
PIPE,2026-09-01,0.000000000,0.000000000,0.000000000,0.0000000000,0.0000000000
SNOWFLAKE_COCO_SNOWSIGHT,2026-09-01,2.870492930,0.000000000,2.870492930,0.0000000000,2.8704929300
SNOWFLAKE_COWORK,2026-09-01,0.086722670,0.000000000,0.086722670,0.0000000000,0.0867226700
SNOWPARK_CONTAINER_SERVICES,2026-09-01,2.051744441,0.000000000,2.051744441,0.0000000000,2.0517444410
TELEMETRY_DATA_INGEST,2026-09-01,0.001397359,0.000000000,0.001397359,0.0000000000,0.0013973590
TRUST_CENTER,2026-09-01,0.901546866,0.000000000,0.901546866,0.0000000000,0.9015468660
WAREHOUSE_METERING,2026-09-01,89.710833289,3.371021073,93.081854362,-3.3710210730,89.7108332890
PIPE,2026-09-02,0.000000000,0.000000000,0.000000000,0.0000000000,0.0000000000
SNOWPARK_CONTAINER_SERVICES,2026-09-02,0.694344442,0.000000000,0.694344442,0.0000000000,0.6943444420
TELEMETRY_DATA_INGEST,2026-09-02,0.000385892,0.000000000,0.000385892,0.0000000000,0.0003858920
TRUST_CENTER,2026-09-02,1.013769481,0.000000000,1.013769481,0.0000000000,1.0137694810
WAREHOUSE_METERING,2026-09-02,70.682222186,2.792910250,73.475132436,-2.7929102500,70.6822221860
PIPE,2026-09-03,0.000000000,0.000000000,0.000000000,0.0000000000,0.0000000000
SNOWFLAKE_COCO_SNOWSIGHT,2026-09-03,0.034308932,0.000000000,0.034308932,0.0000000000,0.0343089320
SNOWPARK_CONTAINER_SERVICES,2026-09-03,0.009166667,0.000000000,0.009166667,0.0000000000,0.0091666670
TELEMETRY_DATA_INGEST,2026-09-03,0.000006392,0.000000000,0.000006392,0.0000000000,0.0000063920
TRUST_CENTER,2026-09-03,1.040551468,0.000000000,1.040551468,0.0000000000,1.0405514680
WAREHOUSE_METERING,2026-09-03,70.181388860,2.800118972,72.981507832,-2.8001189720,70.1813888600
TRUST_CENTER,2026-09-04,1.061086324,0.000000000,1.061086324,0.0000000000,1.0610863240
WAREHOUSE_METERING,2026-09-04,71.363611065,2.495956065,73.859567130,-2.4959560650,71.3636110650
PIPE,2026-09-05,0.000000000,0.000000000,0.000000000,0.0000000000,0.0000000000
SNOWPARK_CONTAINER_SERVICES,2026-09-05,0.009166667,0.000000000,0.009166667,0.0000000000,0.0091666670
TELEMETRY_DATA_INGEST,2026-09-05,0.000000017,0.000000000,0.000000017,0.0000000000,0.0000000170
TRUST_CENTER,2026-09-05,1.014695745,0.000000000,1.014695745,0.0000000000,1.0146957450
WAREHOUSE_METERING,2026-09-05,53.057499986,2.292401924,55.349901910,-2.2924019240,53.0574999860
TRUST_CENTER,2026-09-06,0.990551740,0.000000000,0.990551740,0.0000000000,0.9905517400
WAREHOUSE_METERING,2026-09-06,55.311666653,2.499644725,57.811311378,-2.4996447250,55.3116666530
PIPE,2026-09-07,0.000000000,0.000000000,0.000000000,0.0000000000,0.0000000000
SNOWFLAKE_COCO_SNOWSIGHT,2026-09-07,0.500731387,0.000000000,0.500731387,0.0000000000,0.5007313870
TELEMETRY_DATA_INGEST,2026-09-07,0.000064237,0.000000000,0.000064237,0.0000000000,0.0000642370
TRUST_CENTER,2026-09-07,1.029856931,0.000000000,1.029856931,0.0000000000,1.0298569310
WAREHOUSE_METERING,2026-09-07,91.427777729,3.188610985,94.616388714,-3.1886109850,91.4277777290
PIPE,2026-09-08,0.000000000,0.000000000,0.000000000,0.0000000000,0.0000000000
SNOWFLAKE_COCO_SNOWSIGHT,2026-09-08,0.746315201,0.000000000,0.746315201,0.0000000000,0.7463152010
TELEMETRY_DATA_INGEST,2026-09-08,0.000083178,0.000000000,0.000083178,0.0000000000,0.0000831780
TRUST_CENTER,2026-09-08,1.047907203,0.000000000,1.047907203,0.0000000000,1.0479072030
WAREHOUSE_METERING,2026-09-08,72.978611077,3.042872572,76.021483649,-3.0428725720,72.9786110770
PIPE,2026-09-09,0.000000000,0.000000000,0.000000000,0.0000000000,0.0000000000
TELEMETRY_DATA_INGEST,2026-09-09,0.000000030,0.000000000,0.000000030,0.0000000000,0.0000000300
TRUST_CENTER,2026-09-09,1.065059035,0.000000000,1.065059035,0.0000000000,1.0650590350
WAREHOUSE_METERING,2026-09-09,71.565277766,2.819521958,74.384799724,-2.8195219580,71.5652777660
PIPE,2026-09-10,0.000000000,0.000000000,0.000000000,0.0000000000,0.0000000000
SNOWFLAKE_COCO_SNOWSIGHT,2026-09-10,0.416099238,0.000000000,0.416099238,0.0000000000,0.4160992380
TELEMETRY_DATA_INGEST,2026-09-10,0.000038663,0.000000000,0.000038663,0.0000000000,0.0000386630
TRUST_CENTER,2026-09-10,1.037226125,0.000000000,1.037226125,0.0000000000,1.0372261250
WAREHOUSE_METERING,2026-09-10,72.215555554,2.742283332,74.957838886,-2.7422833320,72.2155555540
PIPE,2026-09-11,0.000000000,0.000000000,0.000000000,0.0000000000,0.0000000000
TELEMETRY_DATA_INGEST,2026-09-11,0.000000291,0.000000000,0.000000291,0.0000000000,0.0000002910
TRUST_CENTER,2026-09-11,0.991417813,0.000000000,0.991417813,0.0000000000,0.9914178130
WAREHOUSE_METERING,2026-09-11,63.987499963,2.478605945,66.466105908,-2.4786059450,63.9874999630
TRUST_CENTER,2026-09-12,0.991202195,0.000000000,0.991202195,0.0000000000,0.9912021950
WAREHOUSE_METERING,2026-09-12,53.843611095,2.242853449,56.086464544,-2.2428534490,53.8436110950
TRUST_CENTER,2026-09-13,0.973267946,0.000000000,0.973267946,0.0000000000,0.9732679460
WAREHOUSE_METERING,2026-09-13,57.263888874,2.632027606,59.895916480,-2.6320276060,57.2638888740
PIPE,2026-09-14,0.000000000,0.000000000,0.000000000,0.0000000000,0.0000000000
TELEMETRY_DATA_INGEST,2026-09-14,0.000000122,0.000000000,0.000000122,0.0000000000,0.0000001220
TRUST_CENTER,2026-09-14,0.280969803,0.000000000,0.280969803,0.0000000000,0.2809698030
WAREHOUSE_METERING,2026-09-14,33.203611100,0.666217364,33.869828464,-0.6662173640,33.2036111000
